userName,score,content,at,review_length,clean_review,normalized_content,tokens,tokens_no_stop,stemmed_tokens,stemmed_text,label,label_vader,tb_polarity,tb_label,label_transformer,label_lexicon,sentiment_indobert
Ndahh Star,1,"tetiba crash, gabisa dibuka, sudah di install ulang bisa digunakan sekali stelah itu crash lagi gabisa dibuka. aneh. QAnya kaga bener ini, bisa2nya aplikasi crash lolos pengujian.",2025-11-17 02:11:02,179,tetiba crash gabisa dibuka sudah di install ulang bisa digunakan sekali stelah itu crash lagi gabisa dibuka aneh qanya kaga bener ini bisa nya aplikasi crash lolos pengujian,tetiba crash tidak bisa dibuka sudah di install ulang bisa digunakan sekali stelah itu crash lagi tidak bisa dibuka aneh qanya kaga benar ini bisa nya aplikasi crash lolos pengujian,"['tetiba', 'crash', 'tidak', 'bisa', 'dibuka', 'sudah', 'di', 'install', 'ulang', 'bisa', 'digunakan', 'sekali', 'stelah', 'itu', 'crash', 'lagi', 'tidak', 'bisa', 'dibuka', 'aneh', 'qanya', 'kaga', 'benar', 'ini', 'bisa', 'nya', 'aplikasi', 'crash', 'lolos', 'pengujian']","['tetiba', 'crash', 'tidak', 'dibuka', 'install', 'ulang', 'stelah', 'crash', 'tidak', 'dibuka', 'aneh', 'qanya', 'kaga', 'nya', 'aplikasi', 'crash', 'lolos', 'pengujian']","['tetiba', 'crash', 'tidak', 'buka', 'install', 'ulang', 'stelah', 'crash', 'tidak', 'buka', 'aneh', 'qanya', 'kaga', 'nya', 'aplikasi', 'crash', 'lolos', 'uji']",tetiba crash tidak buka install ulang stelah crash tidak buka aneh qanya kaga nya aplikasi crash lolos uji,negatif,negatif,0.0,negatif,netral,negatif,negative
Putri Difa Eka ramadhani,5,aplikasi bagus,2025-11-17 01:58:19,14,aplikasi bagus,aplikasi bagus,"['aplikasi', 'bagus']","['aplikasi', 'bagus']","['aplikasi', 'bagus']",aplikasi bagus,positif,negatif,0.0,negatif,netral,negatif,positive
Edi Supriyanto,5,bagus,2025-11-17 01:53:45,5,bagus,bagus,['bagus'],['bagus'],['bagus'],bagus,positif,negatif,0.0,negatif,netral,negatif,positive
Fauzi Setiawan,1,Ini pegadaian IT nya cuma ngopi doang ama ngerokok ya? abis update malah gabisa login. gimana mau percaya?,2025-11-17 01:46:58,106,ini pegadaian it nya cuma ngopi doang ama ngerokok ya abis update malah gabisa login gimana mau percaya,ini pegadaian it nya cuma ngopi aja ama ngerokok ya abis update malah tidak bisa login bagaimana mau percaya,"['ini', 'pegadaian', 'it', 'nya', 'cuma', 'ngopi', 'aja', 'ama', 'ngerokok', 'ya', 'abis', 'update', 'malah', 'tidak', 'bisa', 'login', 'bagaimana', 'mau', 'percaya']","['pegadaian', 'it', 'nya', 'ngopi', 'aja', 'ama', 'ngerokok', 'ya', 'abis', 'update', 'tidak', 'login', 'percaya']","['gadai', 'it', 'nya', 'ngopi', 'aja', 'ama', 'ngerokok', 'ya', 'abis', 'update', 'tidak', 'login', 'percaya']",gadai it nya ngopi aja ama ngerokok ya abis update tidak login percaya,negatif,negatif,0.0,negatif,netral,negatif,negative
Aqsya Amel,1,"aplikasi pembiayaan terburuk yang pernah saya pakai, membingungkan, terkesan tidak profesional, tidak jelas, menu2 kacau parah, bisa terjebak, buruk sekali. aplikasi terburuk yang pernah saya pakai. kepada pegadaian tolong diganti saja. jangan dipakai eksperimen.",2025-11-17 01:33:50,263,aplikasi pembiayaan terburuk yang pernah saya pakai membingungkan terkesan tidak profesional tidak jelas menu kacau parah bisa terjebak buruk sekali aplikasi terburuk yang pernah saya pakai kepada pegadaian tolong diganti saja jangan dipakai eksperimen,aplikasi pembiayaan terburuk yang pernah saya pakai membingungkan terkesan tidak profesional tidak jelas menu kacau parah bisa terjebak buruk sekali aplikasi terburuk yang pernah saya pakai kepada pegadaian tolong diganti saja jangan dipakai eksperimen,"['aplikasi', 'pembiayaan', 'terburuk', 'yang', 'pernah', 'saya', 'pakai', 'membingungkan', 'terkesan', 'tidak', 'profesional', 'tidak', 'jelas', 'menu', 'kacau', 'parah', 'bisa', 'terjebak', 'buruk', 'sekali', 'aplikasi', 'terburuk', 'yang', 'pernah', 'saya', 'pakai', 'kepada', 'pegadaian', 'tolong', 'diganti', 'saja', 'jangan', 'dipakai', 'eksperimen']","['aplikasi', 'pembiayaan', 'terburuk', 'pakai', 'membingungkan', 'terkesan', 'tidak', 'profesional', 'tidak', 'menu', 'kacau', 'parah', 'terjebak', 'buruk', 'aplikasi', 'terburuk', 'pakai', 'pegadaian', 'tolong', 'diganti', 'dipakai', 'eksperimen']","['aplikasi', 'biaya', 'buruk', 'pakai', 'bingung', 'kes', 'tidak', 'profesional', 'tidak', 'menu', 'kacau', 'parah', 'jebak', 'buruk', 'aplikasi', 'buruk', 'pakai', 'gadai', 'tolong', 'ganti', 'pakai', 'eksperimen']",aplikasi biaya buruk pakai bingung kes tidak profesional tidak menu kacau parah jebak buruk aplikasi buruk pakai gadai tolong ganti pakai eksperimen,negatif,negatif,0.0,negatif,netral,negatif,negative
Handy Sugiyanto,5,sangat membantu untuk membeli barang berharga tanpa harus datang ke tempat penjualnya langsunh,2025-11-17 01:17:12,94,sangat membantu untuk membeli barang berharga tanpa harus datang ke tempat penjualnya langsunh,sangat membantu untuk membeli barang berharga tanpa harus datang ke tempat penjualnya langsunh,"['sangat', 'membantu', 'untuk', 'membeli', 'barang', 'berharga', 'tanpa', 'harus', 'datang', 'ke', 'tempat', 'penjualnya', 'langsunh']","['membantu', 'membeli', 'barang', 'berharga', 'penjualnya', 'langsunh']","['bantu', 'beli', 'barang', 'harga', 'jual', 'langsunh']",bantu beli barang harga jual langsunh,positif,negatif,0.0,negatif,netral,positif,neutral
Eris Risnawati,3,"aplikasi masih ribet,, mulai dari cif dan memasukkan data bank yang selalu tidak terdaftar nyobain hubungi call center ujung ujungnya harus ke cabang juga",2025-11-17 00:45:35,154,aplikasi masih ribet mulai dari cif dan memasukkan data bank yang selalu tidak terdaftar nyobain hubungi call center ujung ujungnya harus ke cabang juga,aplikasi masih ribet mulai dari cif dan memasukkan data bank yang selalu tidak terdaftar nyobain hubungi call center ujung ujungnya harus ke cabang juga,"['aplikasi', 'masih', 'ribet', 'mulai', 'dari', 'cif', 'dan', 'memasukkan', 'data', 'bank', 'yang', 'selalu', 'tidak', 'terdaftar', 'nyobain', 'hubungi', 'call', 'center', 'ujung', 'ujungnya', 'harus', 'ke', 'cabang', 'juga']","['aplikasi', 'ribet', 'cif', 'memasukkan', 'data', 'bank', 'tidak', 'terdaftar', 'nyobain', 'hubungi', 'call', 'center', 'ujung', 'ujungnya', 'cabang']","['aplikasi', 'ribet', 'cif', 'masuk', 'data', 'bank', 'tidak', 'daftar', 'nyobain', 'hubung', 'call', 'center', 'ujung', 'ujung', 'cabang']",aplikasi ribet cif masuk data bank tidak daftar nyobain hubung call center ujung ujung cabang,netral,negatif,-0.1,negatif,netral,negatif,neutral
Adi Bklu,3,"kenapa sekarang mau masuk tring susah, harus instal ulang terus.. bagus aplikasi sblmnya jarang eror",2025-11-17 00:42:03,100,kenapa sekarang mau masuk tring susah harus instal ulang terus bagus aplikasi sblmnya jarang eror,kenapa sekarang mau masuk tring susah harus instal ulang terus bagus aplikasi sblmnya jarang eror,"['kenapa', 'sekarang', 'mau', 'masuk', 'tring', 'susah', 'harus', 'instal', 'ulang', 'terus', 'bagus', 'aplikasi', 'sblmnya', 'jarang', 'eror']","['masuk', 'tring', 'susah', 'instal', 'ulang', 'bagus', 'aplikasi', 'sblmnya', 'jarang', 'eror']","['masuk', 'tring', 'susah', 'instal', 'ulang', 'bagus', 'aplikasi', 'sblmnya', 'jarang', 'eror']",masuk tring susah instal ulang bagus aplikasi sblmnya jarang eror,netral,negatif,0.0,negatif,netral,negatif,positive
ahmad kharis,1,"saya 2 kali uninstall kemudian menginstall ulang aplikasi tring untuk bisa masuk aplikasi karena crush. Padahal jaringan stabil. Mohon untuk diperbaiki, saya rasa pegadaian digital lebih bagus soal kehandalan aplikasi.",2025-11-17 00:40:06,218,saya kali uninstall kemudian menginstall ulang aplikasi tring untuk bisa masuk aplikasi karena crush padahal jaringan stabil mohon untuk diperbaiki saya rasa pegadaian digital lebih bagus soal kehandalan aplikasi,saya kali uninstall kemudian menginstall ulang aplikasi tring untuk bisa masuk aplikasi karena crush padahal jaringan stabil mohon untuk diperbaiki saya rasa pegadaian digital lebih bagus soal kehandalan aplikasi,"['saya', 'kali', 'uninstall', 'kemudian', 'menginstall', 'ulang', 'aplikasi', 'tring', 'untuk', 'bisa', 'masuk', 'aplikasi', 'karena', 'crush', 'padahal', 'jaringan', 'stabil', 'mohon', 'untuk', 'diperbaiki', 'saya', 'rasa', 'pegadaian', 'digital', 'lebih', 'bagus', 'soal', 'kehandalan', 'aplikasi']","['kali', 'uninstall', 'menginstall', 'ulang', 'aplikasi', 'tring', 'masuk', 'aplikasi', 'crush', 'jaringan', 'stabil', 'mohon', 'diperbaiki', 'pegadaian', 'digital', 'bagus', 'kehandalan', 'aplikasi']","['kali', 'uninstall', 'menginstall', 'ulang', 'aplikasi', 'tring', 'masuk', 'aplikasi', 'crush', 'jaring', 'stabil', 'mohon', 'baik', 'gadai', 'digital', 'bagus', 'kehandalan', 'aplikasi']",kali uninstall menginstall ulang aplikasi tring masuk aplikasi crush jaring stabil mohon baik gadai digital bagus kehandalan aplikasi,negatif,negatif,0.0,negatif,netral,negatif,positive
Mirnaa Watii,5,Tambah Gampang Bangett.Makasihh Pegadaian,2025-11-17 00:29:55,41,tambah gampang bangett makasihh pegadaian,tambah gampang bangett makasihh pegadaian,"['tambah', 'gampang', 'bangett', 'makasihh', 'pegadaian']","['gampang', 'bangett', 'makasihh', 'pegadaian']","['gampang', 'bangett', 'makasihh', 'gadai']",gampang bangett makasihh gadai,positif,negatif,0.0,negatif,netral,negatif,positive
Jannatun Hayati,1,kenapa jadi gini aplikasinya susah login nya kadang aplikasi eror lebih suka yg versi lamanya,2025-11-16 23:43:08,93,kenapa jadi gini aplikasinya susah login nya kadang aplikasi eror lebih suka yg versi lamanya,kenapa jadi gini aplikasi susah login nya kadang aplikasi eror lebih suka yg versi lamanya,"['kenapa', 'jadi', 'gini', 'aplikasi', 'susah', 'login', 'nya', 'kadang', 'aplikasi', 'eror', 'lebih', 'suka', 'yg', 'versi', 'lamanya']","['gini', 'aplikasi', 'susah', 'login', 'nya', 'kadang', 'aplikasi', 'eror', 'suka', 'yg', 'versi']","['gin', 'aplikasi', 'susah', 'login', 'nya', 'kadang', 'aplikasi', 'eror', 'suka', 'yg', 'versi']",gin aplikasi susah login nya kadang aplikasi eror suka yg versi,negatif,negatif,0.0,negatif,netral,negatif,negative
Sinelsa Wulandari Sany,3,"saya mau coba masuk dan buat user id kenapa otp tidak masuk sms??? bisa rubah ke wa ga sih apa email, masa cm 1 pilihan, ke sms pun ga bsa",2025-11-16 22:47:52,138,saya mau coba masuk dan buat user id kenapa otp tidak masuk sms bisa rubah ke wa ga sih apa email masa cm pilihan ke sms pun ga bsa,saya mau coba masuk dan buat user id kenapa otp tidak masuk sms bisa rubah ke wa tidak  apa email masa cm pilihan ke sms pun tidak bsa,"['saya', 'mau', 'coba', 'masuk', 'dan', 'buat', 'user', 'id', 'kenapa', 'otp', 'tidak', 'masuk', 'sms', 'bisa', 'rubah', 'ke', 'wa', 'tidak', 'apa', 'email', 'masa', 'cm', 'pilihan', 'ke', 'sms', 'pun', 'tidak', 'bsa']","['coba', 'masuk', 'user', 'id', 'otp', 'tidak', 'masuk', 'sms', 'rubah', 'wa', 'tidak', 'email', 'cm', 'pilihan', 'sms', 'tidak', 'bsa']","['coba', 'masuk', 'user', 'id', 'otp', 'tidak', 'masuk', 'sms', 'rubah', 'wa', 'tidak', 'email', 'cm', 'pilih', 'sms', 'tidak', 'bsa']",coba masuk user id otp tidak masuk sms rubah wa tidak email cm pilih sms tidak bsa,netral,negatif,0.0,negatif,netral,negatif,neutral
Raeyan Alkairo,3,kenapa tidak bisa lagi dibuka,2025-11-16 22:47:27,29,kenapa tidak bisa lagi dibuka,kenapa tidak bisa lagi dibuka,"['kenapa', 'tidak', 'bisa', 'lagi', 'dibuka']","['tidak', 'dibuka']","['tidak', 'buka']",tidak buka,netral,negatif,0.0,negatif,netral,negatif,negative
Mister Bean,5,sangat luar biasa apknya,2025-11-16 21:46:29,24,sangat luar biasa apknya,sangat luar biasa apknya,"['sangat', 'luar', 'biasa', 'apknya']",['apknya'],['apknya'],apknya,positif,negatif,0.0,negatif,netral,positif,positive
Dario Oyyy,5,ok,2025-11-16 21:32:30,2,ok,baik,['baik'],[],[],,positif,positif,0.0,negatif,netral,negatif,neutral
Wan Kullbet,5,apknya bagus cuman kenapa pas masuk forclose yaa,2025-11-16 21:30:46,48,apknya bagus cuman kenapa pas masuk forclose yaa,apknya bagus cuman kenapa pas masuk forclose yaa,"['apknya', 'bagus', 'cuman', 'kenapa', 'pas', 'masuk', 'forclose', 'yaa']","['apknya', 'bagus', 'cuman', 'pas', 'masuk', 'forclose', 'yaa']","['apknya', 'bagus', 'cuman', 'pas', 'masuk', 'forclose', 'yaa']",apknya bagus cuman pas masuk forclose yaa,positif,negatif,0.0,negatif,netral,negatif,negative
Leni aryanti,5,bagus,2025-11-16 20:17:58,5,bagus,bagus,['bagus'],['bagus'],['bagus'],bagus,positif,negatif,0.0,negatif,netral,negatif,positive
Sity Aiisha,1,"aplikasi tring saya tiba"" ngga bisa d buka... mana saya lg cicil emas dan mau bayar malah susah masuk... gimana solusi nya?",2025-11-16 19:48:18,123,aplikasi tring saya tiba ngga bisa d buka mana saya lg cicil emas dan mau bayar malah susah masuk gimana solusi nya,aplikasi tring saya tiba tidak bisa d buka mana saya lagi cicil emas dan mau bayar malah susah masuk bagaimana solusi nya,"['aplikasi', 'tring', 'saya', 'tiba', 'tidak', 'bisa', 'd', 'buka', 'mana', 'saya', 'lagi', 'cicil', 'emas', 'dan', 'mau', 'bayar', 'malah', 'susah', 'masuk', 'bagaimana', 'solusi', 'nya']","['aplikasi', 'tring', 'tidak', 'd', 'buka', 'cicil', 'emas', 'bayar', 'susah', 'masuk', 'solusi', 'nya']","['aplikasi', 'tring', 'tidak', 'd', 'buka', 'cicil', 'emas', 'bayar', 'susah', 'masuk', 'solusi', 'nya']",aplikasi tring tidak d buka cicil emas bayar susah masuk solusi nya,negatif,negatif,0.0,negatif,netral,negatif,negative
Jajang Jajang,5,bagus,2025-11-16 19:42:41,5,bagus,bagus,['bagus'],['bagus'],['bagus'],bagus,positif,negatif,0.0,negatif,netral,negatif,positive
Kenzie TekniK,5,Aplikasi yang sangat membantu Finansia,2025-11-16 19:34:02,38,aplikasi yang sangat membantu finansia,aplikasi yang sangat membantu finansia,"['aplikasi', 'yang', 'sangat', 'membantu', 'finansia']","['aplikasi', 'membantu', 'finansia']","['aplikasi', 'bantu', 'finansia']",aplikasi bantu finansia,positif,negatif,0.0,negatif,netral,positif,positive
Alisa Veri Ananda,5,aplikasi yang sangat bagus.,2025-11-16 19:10:11,27,aplikasi yang sangat bagus,aplikasi yang sangat bagus,"['aplikasi', 'yang', 'sangat', 'bagus']","['aplikasi', 'bagus']","['aplikasi', 'bagus']",aplikasi bagus,positif,negatif,0.0,negatif,netral,negatif,positive
Indo Rimba,5,mantabs,2025-11-16 18:52:15,7,mantabs,mantabs,['mantabs'],['mantabs'],['mantabs'],mantabs,positif,negatif,0.0,negatif,netral,negatif,positive
Djoeragan Aja,5,Keren,2025-11-16 18:33:09,5,keren,keren,['keren'],['keren'],['keren'],keren,positif,negatif,0.0,negatif,positif,positif,positive
Syarifa Hidayah,1,"Install aplikasi ini tujuannya agar mudah melakukan pembayaran tapi aktualnya gagal terus melakukan pembayaran online, disarankan oleh CS cabang untuk update aplikasi dan alternatif bank lain sudah dilakukan masih tidak bisa. Akhirnya tetap bayar secara offline, pas cek di aplikasi tidak terupdate juga. Kalau belum siap sistemnya dan aplikasi knowledge di personel tiap cabang mending ga usah saranin download aplikasinya deh. Perbaiki dulu sistemnya.",2025-11-16 18:21:34,453,install aplikasi ini tujuannya agar mudah melakukan pembayaran tapi aktualnya gagal terus melakukan pembayaran online disarankan oleh cs cabang untuk update aplikasi dan alternatif bank lain sudah dilakukan masih tidak bisa akhirnya tetap bayar secara offline pas cek di aplikasi tidak terupdate juga kalau belum siap sistemnya dan aplikasi knowledge di personel tiap cabang mending ga usah saranin download aplikasinya deh perbaiki dulu sistemnya,install aplikasi ini tujuannya agar mudah melakukan pembayaran tapi aktualnya gagal terus melakukan pembayaran online disarankan oleh cs cabang untuk update aplikasi dan alternatif bank lain sudah dilakukan masih tidak bisa akhirnya tetap bayar secara offline pas cek di aplikasi tidak terupdate juga kalau belum siap sistemnya dan aplikasi knowledge di personel tiap cabang mending tidak usah saranin download aplikasi  perbaiki dulu sistemnya,"['install', 'aplikasi', 'ini', 'tujuannya', 'agar', 'mudah', 'melakukan', 'pembayaran', 'tapi', 'aktualnya', 'gagal', 'terus', 'melakukan', 'pembayaran', 'online', 'disarankan', 'oleh', 'cs', 'cabang', 'untuk', 'update', 'aplikasi', 'dan', 'alternatif', 'bank', 'lain', 'sudah', 'dilakukan', 'masih', 'tidak', 'bisa', 'akhirnya', 'tetap', 'bayar', 'secara', 'offline', 'pas', 'cek', 'di', 'aplikasi', 'tidak', 'terupdate', 'juga', 'kalau', 'belum', 'siap', 'sistemnya', 'dan', 'aplikasi', 'knowledge', 'di', 'personel', 'tiap', 'cabang', 'mending', 'tidak', 'usah', 'saranin', 'download', 'aplikasi', 'perbaiki', 'dulu', 'sistemnya']","['install', 'aplikasi', 'tujuannya', 'mudah', 'pembayaran', 'aktualnya', 'gagal', 'pembayaran', 'online', 'disarankan', 'cs', 'cabang', 'update', 'aplikasi', 'alternatif', 'bank', 'tidak', 'bayar', 'offline', 'pas', 'cek', 'aplikasi', 'tidak', 'terupdate', 'sistemnya', 'aplikasi', 'knowledge', 'personel', 'cabang', 'mending', 'tidak', 'saranin', 'download', 'aplikasi', 'perbaiki', 'sistemnya']","['install', 'aplikasi', 'tuju', 'mudah', 'bayar', 'aktual', 'gagal', 'bayar', 'online', 'saran', 'cs', 'cabang', 'update', 'aplikasi', 'alternatif', 'bank', 'tidak', 'bayar', 'offline', 'pas', 'cek', 'aplikasi', 'tidak', 'terupdate', 'sistem', 'aplikasi', 'knowledge', 'personel', 'cabang', 'mending', 'tidak', 'saranin', 'download', 'aplikasi', 'baik', 'sistem']",install aplikasi tuju mudah bayar aktual gagal bayar online saran cs cabang update aplikasi alternatif bank tidak bayar offline pas cek aplikasi tidak terupdate sistem aplikasi knowledge personel cabang mending tidak saranin download aplikasi baik sistem,negatif,negatif,0.0,negatif,netral,negatif,neutral
Ema Felix,5,Mudah di mengerti,2025-11-16 18:11:35,17,mudah di mengerti,mudah di mengerti,"['mudah', 'di', 'mengerti']","['mudah', 'mengerti']","['mudah', 'erti']",mudah erti,positif,negatif,0.0,negatif,netral,positif,positive
Marcduyy,5,good,2025-11-16 17:26:38,4,good,good,['good'],['good'],['good'],good,positif,positif,0.7,positif,positif,positif,positive
Afifah Jahra,4,kenapa gabisa masuk aplikasi ya? ke close terus ğŸ˜­,2025-11-16 17:00:13,49,kenapa gabisa masuk aplikasi ya ke close terus,kenapa tidak bisa masuk aplikasi ya ke close terus,"['kenapa', 'tidak', 'bisa', 'masuk', 'aplikasi', 'ya', 'ke', 'close', 'terus']","['tidak', 'masuk', 'aplikasi', 'ya', 'close']","['tidak', 'masuk', 'aplikasi', 'ya', 'close']",tidak masuk aplikasi ya close,positif,negatif,0.0,negatif,netral,negatif,neutral
tukhfatul afida,1,"dahlah apk aneh, tidak lengkap menu nya",2025-11-16 16:57:45,39,dahlah apk aneh tidak lengkap menu nya,dahlah aplikasi aneh tidak lengkap menu nya,"['dahlah', 'aplikasi', 'aneh', 'tidak', 'lengkap', 'menu', 'nya']","['dahlah', 'aplikasi', 'aneh', 'tidak', 'lengkap', 'menu', 'nya']","['dah', 'aplikasi', 'aneh', 'tidak', 'lengkap', 'menu', 'nya']",dah aplikasi aneh tidak lengkap menu nya,negatif,negatif,0.0,negatif,netral,negatif,negative
RestA Ghanzz,5,aplikasi nya sangat membantu,2025-11-16 16:57:18,28,aplikasi nya sangat membantu,aplikasi nya sangat membantu,"['aplikasi', 'nya', 'sangat', 'membantu']","['aplikasi', 'nya', 'membantu']","['aplikasi', 'nya', 'bantu']",aplikasi nya bantu,positif,negatif,0.0,negatif,netral,positif,neutral
iki munawar,5,bagus banget,2025-11-16 16:50:04,12,bagus banget,bagus sangat,"['bagus', 'sangat']",['bagus'],['bagus'],bagus,positif,negatif,0.0,negatif,netral,negatif,positive
Alfarez Alrasid,4,kasih bintang â­â­â­â­ soalnya baru coba apk ini.,2025-11-16 16:44:11,45,kasih bintang soalnya baru coba apk ini,kasih bintang soalnya baru coba aplikasi ini,"['kasih', 'bintang', 'soalnya', 'baru', 'coba', 'aplikasi', 'ini']","['kasih', 'bintang', 'coba', 'aplikasi']","['kasih', 'bintang', 'coba', 'aplikasi']",kasih bintang coba aplikasi,positif,negatif,0.0,negatif,netral,negatif,neutral
Puntuk Raya,5,mantab,2025-11-16 16:39:53,6,mantab,mantab,['mantab'],['mantab'],['mantab'],mantab,positif,negatif,0.0,negatif,netral,negatif,positive
M Nabil,5,bagus,2025-11-16 16:35:32,5,bagus,bagus,['bagus'],['bagus'],['bagus'],bagus,positif,negatif,0.0,negatif,netral,negatif,positive
Marvel Ardiansah,5,baguss sekalii mantap,2025-11-16 16:26:55,21,baguss sekalii mantap,bagus sekalii baik,"['bagus', 'sekalii', 'baik']","['bagus', 'sekalii']","['bagus', 'sekali']",bagus sekali,positif,negatif,0.0,negatif,netral,negatif,positive
uchiha â€œS1 Xoraê§à¼ºAâ€ Xero,5,mantap sukses selalu,2025-11-16 16:20:11,20,mantap sukses selalu,baik sukses selalu,"['baik', 'sukses', 'selalu']",['sukses'],['sukses'],sukses,positif,negatif,0.0,negatif,netral,negatif,positive
Rizky Amalia,5,Sangat bagus sekali,2025-11-16 16:15:51,19,sangat bagus sekali,sangat bagus sekali,"['sangat', 'bagus', 'sekali']",['bagus'],['bagus'],bagus,positif,negatif,0.0,negatif,netral,negatif,positive
putri indah,1,kenapa setelah di download tidak bisa di buka ???,2025-11-16 16:11:38,49,kenapa setelah di download tidak bisa di buka,kenapa setelah di download tidak bisa di buka,"['kenapa', 'setelah', 'di', 'download', 'tidak', 'bisa', 'di', 'buka']","['download', 'tidak', 'buka']","['download', 'tidak', 'buka']",download tidak buka,negatif,negatif,0.0,negatif,netral,negatif,negative
willy aldilas,1,idah d uninstal terus instal lg tetp aja g bisa d akses..ğŸ¤¦ğŸ¤¦ğŸ¤¦,2025-11-16 15:58:55,60,idah d uninstal terus instal lg tetp aja g bisa d akses,idah d uninstal terus instal lagi tetp saja g bisa d akses,"['idah', 'd', 'uninstal', 'terus', 'instal', 'lagi', 'tetp', 'saja', 'g', 'bisa', 'd', 'akses']","['idah', 'd', 'uninstal', 'instal', 'tetp', 'g', 'd', 'akses']","['idah', 'd', 'uninstal', 'instal', 'tetp', 'g', 'd', 'akses']",idah d uninstal instal tetp g d akses,negatif,negatif,0.0,negatif,netral,negatif,neutral
Zahwa Fitra,5,BagusMbatu,2025-11-16 15:24:05,10,bagusmbatu,bagusmbatu,['bagusmbatu'],['bagusmbatu'],['bagusmbatu'],bagusmbatu,positif,negatif,0.0,negatif,netral,negatif,positive
DHA_VID RJN,5,coba dulu,2025-11-16 15:17:08,9,coba dulu,coba dulu,"['coba', 'dulu']",['coba'],['coba'],coba,positif,negatif,0.0,negatif,netral,negatif,positive
Komang Wijaya,5,keren,2025-11-16 15:02:43,5,keren,keren,['keren'],['keren'],['keren'],keren,positif,negatif,0.0,negatif,positif,positif,positive
Arya Firmansyah,5,sangat bagus,2025-11-16 15:01:44,12,sangat bagus,sangat bagus,"['sangat', 'bagus']",['bagus'],['bagus'],bagus,positif,negatif,0.0,negatif,netral,negatif,positive
Pik Ri,5,bisa membantu klu amanah,2025-11-16 14:31:54,24,bisa membantu klu amanah,bisa membantu klu amanah,"['bisa', 'membantu', 'klu', 'amanah']","['membantu', 'klu', 'amanah']","['bantu', 'klu', 'amanah']",bantu klu amanah,positif,negatif,0.0,negatif,netral,positif,positive
Okiyana Sinta,2,"tolong dong, ini kenapa mau login tidak bisa yaa. dicoba berkali kali ttp tidk biaa",2025-11-16 14:27:03,83,tolong dong ini kenapa mau login tidak bisa yaa dicoba berkali kali ttp tidk biaa,tolong  ini kenapa mau login tidak bisa yaa dicoba berkali kali ttp tidk biaa,"['tolong', 'ini', 'kenapa', 'mau', 'login', 'tidak', 'bisa', 'yaa', 'dicoba', 'berkali', 'kali', 'ttp', 'tidk', 'biaa']","['tolong', 'login', 'tidak', 'yaa', 'dicoba', 'berkali', 'kali', 'ttp', 'tidk', 'biaa']","['tolong', 'login', 'tidak', 'yaa', 'coba', 'kali', 'kali', 'ttp', 'tidk', 'biaa']",tolong login tidak yaa coba kali kali ttp tidk biaa,negatif,negatif,0.0,negatif,netral,negatif,neutral
Riky Sahputra,5,bagus,2025-11-16 14:22:28,5,bagus,bagus,['bagus'],['bagus'],['bagus'],bagus,positif,negatif,0.0,negatif,netral,negatif,positive
Indra Saputra,5,apknya bagus bangett....,2025-11-16 13:48:44,24,apknya bagus bangett,apknya bagus bangett,"['apknya', 'bagus', 'bangett']","['apknya', 'bagus', 'bangett']","['apknya', 'bagus', 'bangett']",apknya bagus bangett,positif,negatif,0.0,negatif,netral,positif,positive
Elsa Permata,1,"sering error. udah dihapus cache, diinstal ulang masih error aja. padahal koneksi internet stabil",2025-11-16 13:44:14,97,sering error udah dihapus cache diinstal ulang masih error aja padahal koneksi internet stabil,sering error sudah dihapus cache diinstal ulang masih error saja padahal koneksi internet stabil,"['sering', 'error', 'sudah', 'dihapus', 'cache', 'diinstal', 'ulang', 'masih', 'error', 'saja', 'padahal', 'koneksi', 'internet', 'stabil']","['error', 'dihapus', 'cache', 'diinstal', 'ulang', 'error', 'koneksi', 'internet', 'stabil']","['error', 'hapus', 'cache', 'diinstal', 'ulang', 'error', 'koneksi', 'internet', 'stabil']",error hapus cache diinstal ulang error koneksi internet stabil,negatif,negatif,0.0,negatif,netral,negatif,negative
najwan,5,keren,2025-11-16 13:42:53,5,keren,keren,['keren'],['keren'],['keren'],keren,positif,negatif,0.0,negatif,positif,positif,positive
teddy efendy,1,woiii.. aplikasinya g bisa di buka,2025-11-16 13:34:02,34,woiii aplikasinya g bisa di buka,woiii aplikasi g bisa di buka,"['woiii', 'aplikasi', 'g', 'bisa', 'di', 'buka']","['woiii', 'aplikasi', 'g', 'buka']","['woiii', 'aplikasi', 'g', 'buka']",woiii aplikasi g buka,negatif,negatif,0.0,negatif,netral,negatif,neutral
riki andrian,5,apk baguss,2025-11-16 12:26:59,10,apk baguss,aplikasi bagus,"['aplikasi', 'bagus']","['aplikasi', 'bagus']","['aplikasi', 'bagus']",aplikasi bagus,positif,negatif,0.0,negatif,netral,negatif,positive
Edi Susanto,5,bagus,2025-11-16 12:09:45,5,bagus,bagus,['bagus'],['bagus'],['bagus'],bagus,positif,negatif,0.0,negatif,netral,negatif,positive
Jam'a Endang,5,Bagus,2025-11-16 11:21:48,5,bagus,bagus,['bagus'],['bagus'],['bagus'],bagus,positif,negatif,0.0,negatif,netral,negatif,positive
kay zah,1,aplikasinya ngga bener masa di klik nggak tampil di ulang-ulang tetep aja bikin pusing,2025-11-16 11:20:21,86,aplikasinya ngga bener masa di klik nggak tampil di ulang ulang tetep aja bikin pusing,aplikasi tidak benar masa di klik tidak tampil di ulang ulang tetep saja bikin pusing,"['aplikasi', 'tidak', 'benar', 'masa', 'di', 'klik', 'tidak', 'tampil', 'di', 'ulang', 'ulang', 'tetep', 'saja', 'bikin', 'pusing']","['aplikasi', 'tidak', 'klik', 'tidak', 'tampil', 'ulang', 'ulang', 'tetep', 'bikin', 'pusing']","['aplikasi', 'tidak', 'klik', 'tidak', 'tampil', 'ulang', 'ulang', 'tetep', 'bikin', 'pusing']",aplikasi tidak klik tidak tampil ulang ulang tetep bikin pusing,negatif,negatif,0.0,negatif,netral,negatif,negative
Asp Debo,5,amanah tentunya,2025-11-16 11:00:17,15,amanah tentunya,amanah tentunya,"['amanah', 'tentunya']",['amanah'],['amanah'],amanah,positif,negatif,0.0,negatif,netral,negatif,positive
Haedar Ikhsan,5,bagus sekali buat yang mencicil emas,2025-11-16 10:53:42,36,bagus sekali buat yang mencicil emas,bagus sekali buat yang mencicil emas,"['bagus', 'sekali', 'buat', 'yang', 'mencicil', 'emas']","['bagus', 'mencicil', 'emas']","['bagus', 'cicil', 'emas']",bagus cicil emas,positif,negatif,0.0,negatif,netral,negatif,positive
Akun Saya,5,sangat bagus,2025-11-16 10:48:56,12,sangat bagus,sangat bagus,"['sangat', 'bagus']",['bagus'],['bagus'],bagus,positif,negatif,0.0,negatif,netral,negatif,positive
nani nani,2,"ini kenapa jadi begini aplikasi nya ga bisa di buka, harus download ulang baru bisa di buka, besok nya mau di buka harus download ulang lagi haduh, tolong di perbaiki dong",2025-11-16 10:48:46,171,ini kenapa jadi begini aplikasi nya ga bisa di buka harus download ulang baru bisa di buka besok nya mau di buka harus download ulang lagi haduh tolong di perbaiki dong,ini kenapa jadi begini aplikasi nya tidak bisa di buka harus download ulang baru bisa di buka besok nya mau di buka harus download ulang lagi haduh tolong di perbaiki ,"['ini', 'kenapa', 'jadi', 'begini', 'aplikasi', 'nya', 'tidak', 'bisa', 'di', 'buka', 'harus', 'download', 'ulang', 'baru', 'bisa', 'di', 'buka', 'besok', 'nya', 'mau', 'di', 'buka', 'harus', 'download', 'ulang', 'lagi', 'haduh', 'tolong', 'di', 'perbaiki']","['aplikasi', 'nya', 'tidak', 'buka', 'download', 'ulang', 'buka', 'besok', 'nya', 'buka', 'download', 'ulang', 'haduh', 'tolong', 'perbaiki']","['aplikasi', 'nya', 'tidak', 'buka', 'download', 'ulang', 'buka', 'besok', 'nya', 'buka', 'download', 'ulang', 'haduh', 'tolong', 'baik']",aplikasi nya tidak buka download ulang buka besok nya buka download ulang haduh tolong baik,negatif,negatif,0.0,negatif,netral,negatif,neutral
Ibrahim Baim,5,sangat bagus saya bisa mendapatkan uang dari Tring,2025-11-16 10:38:47,50,sangat bagus saya bisa mendapatkan uang dari tring,sangat bagus saya bisa mendapatkan uang dari tring,"['sangat', 'bagus', 'saya', 'bisa', 'mendapatkan', 'uang', 'dari', 'tring']","['bagus', 'uang', 'tring']","['bagus', 'uang', 'tring']",bagus uang tring,positif,negatif,0.0,negatif,netral,negatif,positive
Geprek Sang kapten,1,lebih bagus aplikasi yang sebelumnya.. lebih fleksibel..,2025-11-16 10:35:10,56,lebih bagus aplikasi yang sebelumnya lebih fleksibel,lebih bagus aplikasi yang sebelumnya lebih fleksibel,"['lebih', 'bagus', 'aplikasi', 'yang', 'sebelumnya', 'lebih', 'fleksibel']","['bagus', 'aplikasi', 'fleksibel']","['bagus', 'aplikasi', 'fleksibel']",bagus aplikasi fleksibel,negatif,negatif,0.0,negatif,netral,negatif,positive
Rizky Sitorus,1,aplikasi tidak dapat dijalankan di hp Xiaomi.,2025-11-16 10:27:36,45,aplikasi tidak dapat dijalankan di hp xiaomi,aplikasi tidak dapat dijalankan di hp xiaomi,"['aplikasi', 'tidak', 'dapat', 'dijalankan', 'di', 'hp', 'xiaomi']","['aplikasi', 'tidak', 'dijalankan', 'hp', 'xiaomi']","['aplikasi', 'tidak', 'jalan', 'hp', 'xiaomi']",aplikasi tidak jalan hp xiaomi,negatif,negatif,0.0,negatif,netral,negatif,negative
Raidha Risa,5,aplikasi nya simple banhet,2025-11-16 10:23:39,26,aplikasi nya simple banhet,aplikasi nya simple banhet,"['aplikasi', 'nya', 'simple', 'banhet']","['aplikasi', 'nya', 'simple', 'banhet']","['aplikasi', 'nya', 'simple', 'banhet']",aplikasi nya simple banhet,positif,negatif,0.0,negatif,netral,negatif,positive
Sandro Panjaitan,5,aplikasinya bagus sekali,2025-11-16 10:23:15,24,aplikasinya bagus sekali,aplikasi bagus sekali,"['aplikasi', 'bagus', 'sekali']","['aplikasi', 'bagus']","['aplikasi', 'bagus']",aplikasi bagus,positif,negatif,0.0,negatif,netral,negatif,positive
Dimas Ilham Cahya,5,bagus aplikasi nya sangat recommended,2025-11-16 10:22:19,37,bagus aplikasi nya sangat recommended,bagus aplikasi nya sangat recommended,"['bagus', 'aplikasi', 'nya', 'sangat', 'recommended']","['bagus', 'aplikasi', 'nya', 'recommended']","['bagus', 'aplikasi', 'nya', 'recommended']",bagus aplikasi nya recommended,positif,positif,0.0,negatif,netral,negatif,positive
Dermawan laia,5,mantao,2025-11-16 10:12:42,6,mantao,mantao,['mantao'],['mantao'],['mantao'],mantao,positif,negatif,0.0,negatif,netral,negatif,positive
Fitria Sandy,1,kenapa suka ganggu kalau pas mau dibuka,2025-11-16 10:05:47,39,kenapa suka ganggu kalau pas mau dibuka,kenapa suka ganggu kalau pas mau dibuka,"['kenapa', 'suka', 'ganggu', 'kalau', 'pas', 'mau', 'dibuka']","['suka', 'ganggu', 'pas', 'dibuka']","['suka', 'ganggu', 'pas', 'buka']",suka ganggu pas buka,negatif,negatif,0.0,negatif,netral,negatif,negative
Flea Fanani,1,percuma tidak bisa di buka,2025-11-16 09:42:24,26,percuma tidak bisa di buka,percuma tidak bisa di buka,"['percuma', 'tidak', 'bisa', 'di', 'buka']","['tidak', 'buka']","['tidak', 'buka']",tidak buka,negatif,negatif,0.0,negatif,netral,negatif,negative
Teguh Irianto,2,kenapa brapa hari in aplikasi ngk bs terbuka,2025-11-16 09:37:13,44,kenapa brapa hari in aplikasi ngk bs terbuka,kenapa brapa hari in aplikasi ngk bs terbuka,"['kenapa', 'brapa', 'hari', 'in', 'aplikasi', 'ngk', 'bs', 'terbuka']","['brapa', 'in', 'aplikasi', 'ngk', 'bs', 'terbuka']","['brapa', 'in', 'aplikasi', 'ngk', 'bs', 'buka']",brapa in aplikasi ngk bs buka,negatif,negatif,0.0,negatif,netral,negatif,neutral
Albani Cungkring,5,aplikasi yang sangat keren,2025-11-16 09:29:43,26,aplikasi yang sangat keren,aplikasi yang sangat keren,"['aplikasi', 'yang', 'sangat', 'keren']","['aplikasi', 'keren']","['aplikasi', 'keren']",aplikasi keren,positif,negatif,0.0,negatif,netral,positif,positive
Adra Davi,5,perlu diperbaiki lagi,2025-11-16 09:19:06,21,perlu diperbaiki lagi,perlu diperbaiki lagi,"['perlu', 'diperbaiki', 'lagi']",['diperbaiki'],['baik'],baik,positif,negatif,0.0,negatif,netral,negatif,positive
iman kobek,5,semoga bermanfaat aplikasi nya dan bagus juga,2025-11-16 09:18:46,45,semoga bermanfaat aplikasi nya dan bagus juga,semoga bermanfaat aplikasi nya dan bagus juga,"['semoga', 'bermanfaat', 'aplikasi', 'nya', 'dan', 'bagus', 'juga']","['semoga', 'bermanfaat', 'aplikasi', 'nya', 'bagus']","['moga', 'manfaat', 'aplikasi', 'nya', 'bagus']",moga manfaat aplikasi nya bagus,positif,negatif,0.0,negatif,netral,negatif,positive
Dwi Setiawan,5,keren,2025-11-16 09:11:00,5,keren,keren,['keren'],['keren'],['keren'],keren,positif,negatif,0.0,negatif,positif,positif,positive
Alfa Caple,5,aplikasi yang sangat baguss,2025-11-16 08:33:00,27,aplikasi yang sangat baguss,aplikasi yang sangat bagus,"['aplikasi', 'yang', 'sangat', 'bagus']","['aplikasi', 'bagus']","['aplikasi', 'bagus']",aplikasi bagus,positif,negatif,0.0,negatif,netral,negatif,positive
Faris One,5,bagus,2025-11-16 08:32:42,5,bagus,bagus,['bagus'],['bagus'],['bagus'],bagus,positif,negatif,0.0,negatif,netral,negatif,positive
Aabid Arsyaka,5,bagusss,2025-11-16 08:10:56,7,bagusss,bagus,['bagus'],['bagus'],['bagus'],bagus,positif,negatif,0.0,negatif,netral,negatif,positive
naura Alpen,5,wah apk nya bagus menarik,2025-11-16 07:47:55,25,wah apk nya bagus menarik,wah aplikasi nya bagus menarik,"['wah', 'aplikasi', 'nya', 'bagus', 'menarik']","['aplikasi', 'nya', 'bagus', 'menarik']","['aplikasi', 'nya', 'bagus', 'tarik']",aplikasi nya bagus tarik,positif,negatif,0.0,negatif,netral,negatif,positive
Farel,5,bagus,2025-11-16 07:42:59,5,bagus,bagus,['bagus'],['bagus'],['bagus'],bagus,positif,negatif,0.0,negatif,netral,negatif,positive
Rahmanto Manto,1,aplikasi sering eror,2025-11-16 07:29:38,20,aplikasi sering eror,aplikasi sering eror,"['aplikasi', 'sering', 'eror']","['aplikasi', 'eror']","['aplikasi', 'eror']",aplikasi eror,negatif,negatif,0.0,negatif,netral,negatif,negative
Samuel Sinaga,1,"dah kabur bawa duit app nya ğŸ¤£, karna mas turun drastis ğŸ¤£",2025-11-16 07:14:49,56,dah kabur bawa duit app nya karna mas turun drastis,dah kabur bawa duit app nya karena mas turun drastis,"['dah', 'kabur', 'bawa', 'duit', 'app', 'nya', 'karena', 'mas', 'turun', 'drastis']","['dah', 'kabur', 'bawa', 'duit', 'app', 'nya', 'mas', 'turun', 'drastis']","['dah', 'kabur', 'bawa', 'duit', 'app', 'nya', 'mas', 'turun', 'drastis']",dah kabur bawa duit app nya mas turun drastis,negatif,negatif,0.0,negatif,netral,negatif,negative
Elponsa Ratih,2,"aplikasi dihapus anak, instal ulang malah ga bs buka. keterangan nya aplikasi menggunakan keyboard pihak ketigağŸ˜ Pdhl ga pake apa2. Smg ada solusi",2025-11-16 07:00:29,146,aplikasi dihapus anak instal ulang malah ga bs buka keterangan nya aplikasi menggunakan keyboard pihak ketiga pdhl ga pake apa smg ada solusi,aplikasi dihapus anak instal ulang malah tidak bs buka keterangan nya aplikasi menggunakan keyboard pihak ketiga pdhl tidak pake apa smg ada solusi,"['aplikasi', 'dihapus', 'anak', 'instal', 'ulang', 'malah', 'tidak', 'bs', 'buka', 'keterangan', 'nya', 'aplikasi', 'menggunakan', 'keyboard', 'pihak', 'ketiga', 'pdhl', 'tidak', 'pake', 'apa', 'smg', 'ada', 'solusi']","['aplikasi', 'dihapus', 'anak', 'instal', 'ulang', 'tidak', 'bs', 'buka', 'keterangan', 'nya', 'aplikasi', 'keyboard', 'ketiga', 'pdhl', 'tidak', 'pake', 'smg', 'solusi']","['aplikasi', 'hapus', 'anak', 'instal', 'ulang', 'tidak', 'bs', 'buka', 'terang', 'nya', 'aplikasi', 'keyboard', 'tiga', 'pdhl', 'tidak', 'pake', 'smg', 'solusi']",aplikasi hapus anak instal ulang tidak bs buka terang nya aplikasi keyboard tiga pdhl tidak pake smg solusi,negatif,negatif,0.0,negatif,netral,negatif,neutral
intan putri buana priastiti,1,gk bsa di buka terus,2025-11-16 06:58:03,20,gk bsa di buka terus,tidak bsa di buka terus,"['tidak', 'bsa', 'di', 'buka', 'terus']","['tidak', 'bsa', 'buka']","['tidak', 'bsa', 'buka']",tidak bsa buka,negatif,negatif,0.0,negatif,netral,negatif,neutral
Xnxx A,1,aplikasi aneh...keluar2 terus...semoga gak penipuan!,2025-11-16 06:25:58,52,aplikasi aneh keluar terus semoga gak penipuan,aplikasi aneh keluar terus semoga tidak penipuan,"['aplikasi', 'aneh', 'keluar', 'terus', 'semoga', 'tidak', 'penipuan']","['aplikasi', 'aneh', 'semoga', 'tidak', 'penipuan']","['aplikasi', 'aneh', 'moga', 'tidak', 'tipu']",aplikasi aneh moga tidak tipu,negatif,negatif,0.0,negatif,netral,negatif,negative
Yosis Cerl,5,good job.,2025-11-16 06:14:33,9,good job,good job,"['good', 'job']","['good', 'job']","['good', 'job']",good job,positif,positif,0.7,positif,positif,positif,positive
Yusuf Suchartono,1,susah login,2025-11-16 06:13:13,11,susah login,susah login,"['susah', 'login']","['susah', 'login']","['susah', 'login']",susah login,negatif,negatif,0.0,negatif,netral,negatif,negative
muhamad arifin (joe muhamad),1,app pegadaian digital di hp ke hapus/ ilang sendiri setelah download tring kok sama sekali ga bisa masuk ada tulisan app mendeteksi ada aksebilita yg tdk di kenal aktif...kok jadi kacau sih,2025-11-16 06:10:36,189,app pegadaian digital di hp ke hapus ilang sendiri setelah download tring kok sama sekali ga bisa masuk ada tulisan app mendeteksi ada aksebilita yg tdk di kenal aktif kok jadi kacau sih,app pegadaian digital di hp ke hapus ilang sendiri setelah download tring  sama sekali tidak bisa masuk ada tulisan app mendeteksi ada aksebilita yg tidak di kenal aktif  jadi kacau ,"['app', 'pegadaian', 'digital', 'di', 'hp', 'ke', 'hapus', 'ilang', 'sendiri', 'setelah', 'download', 'tring', 'sama', 'sekali', 'tidak', 'bisa', 'masuk', 'ada', 'tulisan', 'app', 'mendeteksi', 'ada', 'aksebilita', 'yg', 'tidak', 'di', 'kenal', 'aktif', 'jadi', 'kacau']","['app', 'pegadaian', 'digital', 'hp', 'hapus', 'ilang', 'download', 'tring', 'tidak', 'masuk', 'tulisan', 'app', 'mendeteksi', 'aksebilita', 'yg', 'tidak', 'kenal', 'aktif', 'kacau']","['app', 'gadai', 'digital', 'hp', 'hapus', 'ilang', 'download', 'tring', 'tidak', 'masuk', 'tulis', 'app', 'deteksi', 'aksebilita', 'yg', 'tidak', 'kenal', 'aktif', 'kacau']",app gadai digital hp hapus ilang download tring tidak masuk tulis app deteksi aksebilita yg tidak kenal aktif kacau,negatif,negatif,0.0,negatif,netral,negatif,neutral
DIANA (ANNA),1,sumpah gedegh banget semenjak d update ke TRING malah sering Crash (ga bisa masuk ke aplikasi nya) sdgkan saya mau bayar cicilan emas sya susah,2025-11-16 06:05:23,143,sumpah gedegh banget semenjak d update ke tring malah sering crash ga bisa masuk ke aplikasi nya sdgkan saya mau bayar cicilan emas sya susah,sumpah gedegh sangat semenjak d update ke tring malah sering crash tidak bisa masuk ke aplikasi nya sdgkan saya mau bayar cicilan emas sya susah,"['sumpah', 'gedegh', 'sangat', 'semenjak', 'd', 'update', 'ke', 'tring', 'malah', 'sering', 'crash', 'tidak', 'bisa', 'masuk', 'ke', 'aplikasi', 'nya', 'sdgkan', 'saya', 'mau', 'bayar', 'cicilan', 'emas', 'sya', 'susah']","['sumpah', 'gedegh', 'semenjak', 'd', 'update', 'tring', 'crash', 'tidak', 'masuk', 'aplikasi', 'nya', 'sdgkan', 'bayar', 'cicilan', 'emas', 'sya', 'susah']","['sumpah', 'gedegh', 'semenjak', 'd', 'update', 'tring', 'crash', 'tidak', 'masuk', 'aplikasi', 'nya', 'sdgkan', 'bayar', 'cicil', 'emas', 'sya', 'susah']",sumpah gedegh semenjak d update tring crash tidak masuk aplikasi nya sdgkan bayar cicil emas sya susah,negatif,negatif,0.0,negatif,netral,negatif,negative
Rahmad united,1,sudah di instal ulang berkali-kali tetap eror aplikasinya tidak bisa di buka,2025-11-16 06:03:04,76,sudah di instal ulang berkali kali tetap eror aplikasinya tidak bisa di buka,sudah di instal ulang berkali kali tetap eror aplikasi tidak bisa di buka,"['sudah', 'di', 'instal', 'ulang', 'berkali', 'kali', 'tetap', 'eror', 'aplikasi', 'tidak', 'bisa', 'di', 'buka']","['instal', 'ulang', 'berkali', 'kali', 'eror', 'aplikasi', 'tidak', 'buka']","['instal', 'ulang', 'kali', 'kali', 'eror', 'aplikasi', 'tidak', 'buka']",instal ulang kali kali eror aplikasi tidak buka,negatif,negatif,0.0,negatif,netral,negatif,negative
Zeroone GM,4,tolong tambahkan opsi pembayaran instan gopay dong?,2025-11-16 05:55:01,51,tolong tambahkan opsi pembayaran instan gopay dong,tolong tambahkan opsi pembayaran instan gopay ,"['tolong', 'tambahkan', 'opsi', 'pembayaran', 'instan', 'gopay']","['tolong', 'tambahkan', 'opsi', 'pembayaran', 'instan', 'gopay']","['tolong', 'tambah', 'opsi', 'bayar', 'instan', 'gopay']",tolong tambah opsi bayar instan gopay,positif,negatif,0.0,negatif,netral,negatif,neutral
ali chandra,1,"tidak BS masuk ke aplikasi, screen tidak BS di klik",2025-11-16 05:51:19,51,tidak bs masuk ke aplikasi screen tidak bs di klik,tidak bs masuk ke aplikasi screen tidak bs di klik,"['tidak', 'bs', 'masuk', 'ke', 'aplikasi', 'screen', 'tidak', 'bs', 'di', 'klik']","['tidak', 'bs', 'masuk', 'aplikasi', 'screen', 'tidak', 'bs', 'klik']","['tidak', 'bs', 'masuk', 'aplikasi', 'screen', 'tidak', 'bs', 'klik']",tidak bs masuk aplikasi screen tidak bs klik,negatif,negatif,0.0,negatif,netral,negatif,neutral
Rhano Rodriguez (Ranzhy),5,bagus banget,2025-11-16 05:42:43,12,bagus banget,bagus sangat,"['bagus', 'sangat']",['bagus'],['bagus'],bagus,positif,negatif,0.0,negatif,netral,negatif,positive
Kadek Ari,5,mantap,2025-11-16 05:41:48,6,mantap,baik,['baik'],[],[],,positif,negatif,0.0,negatif,netral,negatif,neutral
Fahfa A,1,"untuk teman2 yg lain, tolong perhatikan seblum nabung emas digital disini. untuk PENJUALAN EMAS ternyta hanya bisa menggunkan rekening bank tertentu aja, dan harus atas nama pemilik itu sendiri. Tapi anehnya pas PEMBELIAN EMAS, bisa menggunakan rekening orang atas nama orang lain. Parahnya lagi gak ada notifikasi atau keterangan yang mwngharuskan memakai bank tertentu dgn nama yg sama dgn pemiliknya. Jd yg gak punya rek sama seakan terjebak. bisa BELI, tp ketika JUAL harus buka rekening baru",2025-11-16 05:09:43,496,untuk teman yg lain tolong perhatikan seblum nabung emas digital disini untuk penjualan emas ternyta hanya bisa menggunkan rekening bank tertentu aja dan harus atas nama pemilik itu sendiri tapi anehnya pas pembelian emas bisa menggunakan rekening orang atas nama orang lain parahnya lagi gak ada notifikasi atau keterangan yang mwngharuskan memakai bank tertentu dgn nama yg sama dgn pemiliknya jd yg gak punya rek sama seakan terjebak bisa beli tp ketika jual harus buka rekening baru,untuk teman yg lain tolong perhatikan seblum nabung emas digital disini untuk penjualan emas ternyta hanya bisa menggunkan rekening bank tertentu saja dan harus atas nama pemilik itu sendiri tapi anehnya pas pembelian emas bisa menggunakan rekening orang atas nama orang lain parahnya lagi tidak ada notifikasi atau keterangan yang mwngharuskan memakai bank tertentu dengan nama yg sama dengan pemiliknya jadi yg tidak punya rek sama seakan terjebak bisa beli tapi ketika jual harus buka rekening baru,"['untuk', 'teman', 'yg', 'lain', 'tolong', 'perhatikan', 'seblum', 'nabung', 'emas', 'digital', 'disini', 'untuk', 'penjualan', 'emas', 'ternyta', 'hanya', 'bisa', 'menggunkan', 'rekening', 'bank', 'tertentu', 'saja', 'dan', 'harus', 'atas', 'nama', 'pemilik', 'itu', 'sendiri', 'tapi', 'anehnya', 'pas', 'pembelian', 'emas', 'bisa', 'menggunakan', 'rekening', 'orang', 'atas', 'nama', 'orang', 'lain', 'parahnya', 'lagi', 'tidak', 'ada', 'notifikasi', 'atau', 'keterangan', 'yang', 'mwngharuskan', 'memakai', 'bank', 'tertentu', 'dengan', 'nama', 'yg', 'sama', 'dengan', 'pemiliknya', 'jadi', 'yg', 'tidak', 'punya', 'rek', 'sama', 'seakan', 'terjebak', 'bisa', 'beli', 'tapi', 'ketika', 'jual', 'harus', 'buka', 'rekening', 'baru']","['teman', 'yg', 'tolong', 'perhatikan', 'seblum', 'nabung', 'emas', 'digital', 'penjualan', 'emas', 'ternyta', 'menggunkan', 'rekening', 'bank', 'nama', 'pemilik', 'anehnya', 'pas', 'pembelian', 'emas', 'rekening', 'orang', 'nama', 'orang', 'parahnya', 'tidak', 'notifikasi', 'keterangan', 'mwngharuskan', 'memakai', 'bank', 'nama', 'yg', 'pemiliknya', 'yg', 'tidak', 'rek', 'seakan', 'terjebak', 'beli', 'jual', 'buka', 'rekening']","['teman', 'yg', 'tolong', 'perhati', 'seblum', 'nabung', 'emas', 'digital', 'jual', 'emas', 'ternyta', 'gun', 'rekening', 'bank', 'nama', 'milik', 'aneh', 'pas', 'beli', 'emas', 'rekening', 'orang', 'nama', 'orang', 'parah', 'tidak', 'notifikasi', 'terang', 'mwngharuskan', 'pakai', 'bank', 'nama', 'yg', 'milik', 'yg', 'tidak', 'rek', 'akan', 'jebak', 'beli', 'jual', 'buka', 'rekening']",teman yg tolong perhati seblum nabung emas digital jual emas ternyta gun rekening bank nama milik aneh pas beli emas rekening orang nama orang parah tidak notifikasi terang mwngharuskan pakai bank nama yg milik yg tidak rek akan jebak beli jual buka rekening,negatif,negatif,0.0,negatif,netral,negatif,negative
Rd.muhamad Rizky06,1,aplikasi crash. udh di instal ulang tetap crash. jaringan aman. tidak mau login dan di click. parah,2025-11-16 05:01:17,99,aplikasi crash udh di instal ulang tetap crash jaringan aman tidak mau login dan di click parah,aplikasi crash sudah di instal ulang tetap crash jaringan aman tidak mau login dan di click parah,"['aplikasi', 'crash', 'sudah', 'di', 'instal', 'ulang', 'tetap', 'crash', 'jaringan', 'aman', 'tidak', 'mau', 'login', 'dan', 'di', 'click', 'parah']","['aplikasi', 'crash', 'instal', 'ulang', 'crash', 'jaringan', 'aman', 'tidak', 'login', 'click', 'parah']","['aplikasi', 'crash', 'instal', 'ulang', 'crash', 'jaring', 'aman', 'tidak', 'login', 'click', 'parah']",aplikasi crash instal ulang crash jaring aman tidak login click parah,negatif,negatif,0.0,negatif,netral,negatif,neutral
One susanto,1,ga bisa on,2025-11-16 05:01:10,10,ga bisa on,tidak bisa on,"['tidak', 'bisa', 'on']","['tidak', 'on']","['tidak', 'on']",tidak on,negatif,negatif,0.0,negatif,netral,negatif,negative
Budi Harto,1,"parahh erornya, saya tidak bisa login katanya unauthorized acsess, sudah berhari2 dicoba, mohon diperbaiki sistemnya Min",2025-11-16 04:59:51,120,parahh erornya saya tidak bisa login katanya unauthorized acsess sudah berhari dicoba mohon diperbaiki sistemnya min,parahh erornya saya tidak bisa login katanya unauthorized acsess sudah berhari dicoba mohon diperbaiki sistemnya min,"['parahh', 'erornya', 'saya', 'tidak', 'bisa', 'login', 'katanya', 'unauthorized', 'acsess', 'sudah', 'berhari', 'dicoba', 'mohon', 'diperbaiki', 'sistemnya', 'min']","['parahh', 'erornya', 'tidak', 'login', 'unauthorized', 'acsess', 'berhari', 'dicoba', 'mohon', 'diperbaiki', 'sistemnya', 'min']","['parahh', 'eror', 'tidak', 'login', 'unauthorized', 'acsess', 'hari', 'coba', 'mohon', 'baik', 'sistem', 'min']",parahh eror tidak login unauthorized acsess hari coba mohon baik sistem min,negatif,negatif,0.0,negatif,netral,negatif,negative
Ani Tri s,3,ko apk nya gak bisa di buka ya ?,2025-11-16 04:56:20,32,ko apk nya gak bisa di buka ya,ko aplikasi nya tidak bisa di buka ya,"['ko', 'aplikasi', 'nya', 'tidak', 'bisa', 'di', 'buka', 'ya']","['ko', 'aplikasi', 'nya', 'tidak', 'buka', 'ya']","['ko', 'aplikasi', 'nya', 'tidak', 'buka', 'ya']",ko aplikasi nya tidak buka ya,netral,negatif,0.0,negatif,netral,negatif,negative
Intan Rahma,1,kenapa aplikasinya tidak bisa dibuka? ğŸ‘,2025-11-16 04:52:41,39,kenapa aplikasinya tidak bisa dibuka,kenapa aplikasi tidak bisa dibuka,"['kenapa', 'aplikasi', 'tidak', 'bisa', 'dibuka']","['aplikasi', 'tidak', 'dibuka']","['aplikasi', 'tidak', 'buka']",aplikasi tidak buka,negatif,negatif,0.0,negatif,netral,negatif,negative
Benya Minn,5,This application is very very good,2025-11-16 04:50:05,34,this application is very very good,this application is very very good,"['this', 'application', 'is', 'very', 'very', 'good']","['this', 'application', 'is', 'very', 'very', 'good']","['this', 'application', 'is', 'very', 'very', 'good']",this application is very very good,positif,positif,0.9099999999999999,positif,positif,positif,positive
Fitria Sari,1,kenapa tidak bisa masuk?,2025-11-16 04:50:01,24,kenapa tidak bisa masuk,kenapa tidak bisa masuk,"['kenapa', 'tidak', 'bisa', 'masuk']","['tidak', 'masuk']","['tidak', 'masuk']",tidak masuk,negatif,negatif,0.0,negatif,netral,negatif,negative
Andri anto,5,bagus aplikasinya,2025-11-16 04:28:11,17,bagus aplikasinya,bagus aplikasi,"['bagus', 'aplikasi']","['bagus', 'aplikasi']","['bagus', 'aplikasi']",bagus aplikasi,positif,negatif,0.0,negatif,netral,negatif,positive
Alfina Alfionita,1,kok gak bisa di buka padahal udah di unistall terus download tapi tetep gak bisa,2025-11-16 04:19:45,80,kok gak bisa di buka padahal udah di unistall terus download tapi tetep gak bisa, tidak bisa di buka padahal sudah di unistall terus download tapi tetep tidak bisa,"['tidak', 'bisa', 'di', 'buka', 'padahal', 'sudah', 'di', 'unistall', 'terus', 'download', 'tapi', 'tetep', 'tidak', 'bisa']","['tidak', 'buka', 'unistall', 'download', 'tetep', 'tidak']","['tidak', 'buka', 'unistall', 'download', 'tetep', 'tidak']",tidak buka unistall download tetep tidak,negatif,negatif,0.0,negatif,netral,negatif,neutral
Yuzarsif Ebenezer,5,mantap,2025-11-16 04:00:52,6,mantap,baik,['baik'],[],[],,positif,negatif,0.0,negatif,netral,negatif,neutral
Fatan Azril,5,sangat bagus,2025-11-16 03:53:35,12,sangat bagus,sangat bagus,"['sangat', 'bagus']",['bagus'],['bagus'],bagus,positif,negatif,0.0,negatif,netral,negatif,positive
W Sulistiyawan,3,sumpah sering banget gak bisa gagal buka,2025-11-16 03:47:52,40,sumpah sering banget gak bisa gagal buka,sumpah sering sangat tidak bisa gagal buka,"['sumpah', 'sering', 'sangat', 'tidak', 'bisa', 'gagal', 'buka']","['sumpah', 'tidak', 'gagal', 'buka']","['sumpah', 'tidak', 'gagal', 'buka']",sumpah tidak gagal buka,netral,negatif,0.0,negatif,netral,negatif,positive
Sonia Purnamasari,1,sush mau d pke suka kadang eror aplikasinya,2025-11-16 03:43:34,43,sush mau d pke suka kadang eror aplikasinya,sush mau d pke suka kadang eror aplikasi,"['sush', 'mau', 'd', 'pke', 'suka', 'kadang', 'eror', 'aplikasi']","['sush', 'd', 'pke', 'suka', 'kadang', 'eror', 'aplikasi']","['sush', 'd', 'pke', 'suka', 'kadang', 'eror', 'aplikasi']",sush d pke suka kadang eror aplikasi,negatif,negatif,0.0,negatif,netral,negatif,negative
Putu Saniban,5,bagus sekali,2025-11-16 03:37:25,12,bagus sekali,bagus sekali,"['bagus', 'sekali']",['bagus'],['bagus'],bagus,positif,negatif,0.0,negatif,netral,negatif,positive
Rafie Rafie,5,mantap,2025-11-16 03:34:40,6,mantap,baik,['baik'],[],[],,positif,negatif,0.0,negatif,netral,negatif,neutral
hasanudin warsan,1,"aplikasi brengsek,lupa userID sama paspor untuk buka apl saja ga bisa nerusin. masukin no NIK & GMEL sudah benar juga.",2025-11-16 03:32:50,118,aplikasi brengsek lupa userid sama paspor untuk buka apl saja ga bisa nerusin masukin no nik gmel sudah benar juga,aplikasi brengsek lupa userid sama paspor untuk buka apl saja tidak bisa nerusin masukin no nik gmel sudah benar juga,"['aplikasi', 'brengsek', 'lupa', 'userid', 'sama', 'paspor', 'untuk', 'buka', 'apl', 'saja', 'tidak', 'bisa', 'nerusin', 'masukin', 'no', 'nik', 'gmel', 'sudah', 'benar', 'juga']","['aplikasi', 'brengsek', 'lupa', 'userid', 'paspor', 'buka', 'apl', 'tidak', 'nerusin', 'masukin', 'no', 'nik', 'gmel']","['aplikasi', 'brengsek', 'lupa', 'userid', 'paspor', 'buka', 'apl', 'tidak', 'nerusin', 'masukin', 'no', 'nik', 'gmel']",aplikasi brengsek lupa userid paspor buka apl tidak nerusin masukin no nik gmel,negatif,negatif,0.0,negatif,netral,negatif,neutral
KHAP KHAP Ganteng,5,good,2025-11-16 03:31:51,4,good,good,['good'],['good'],['good'],good,positif,positif,0.7,positif,positif,positif,positive
Zema,5,aplikasinya baguss,2025-11-16 03:23:49,18,aplikasinya baguss,aplikasi bagus,"['aplikasi', 'bagus']","['aplikasi', 'bagus']","['aplikasi', 'bagus']",aplikasi bagus,positif,negatif,0.0,negatif,netral,negatif,positive
Tr3 ono,1,sering erorr gak bisa dibuka,2025-11-16 03:14:31,28,sering erorr gak bisa dibuka,sering erorr tidak bisa dibuka,"['sering', 'erorr', 'tidak', 'bisa', 'dibuka']","['erorr', 'tidak', 'dibuka']","['erorr', 'tidak', 'buka']",erorr tidak buka,negatif,negatif,0.0,negatif,netral,negatif,negative
Lapangan88,5,ğŸ‘ğŸ»,2025-11-16 02:43:20,2,,,[],[],[],,positif,negatif,0.0,negatif,netral,negatif,neutral
Muh Nurussaid,1,aplikasi yang baru kurang bagus suka NGEFREZEE tolong dong diperbaiki aplikasinya atau kembalikan ke aplikasi lama saja kalau memang belum sempurna aplikasi barunya,2025-11-16 02:26:26,164,aplikasi yang baru kurang bagus suka ngefrezee tolong dong diperbaiki aplikasinya atau kembalikan ke aplikasi lama saja kalau memang belum sempurna aplikasi barunya,aplikasi yang baru kurang bagus suka ngefrezee tolong  diperbaiki aplikasi atau kembalikan ke aplikasi lama saja kalau memang belum sempurna aplikasi barunya,"['aplikasi', 'yang', 'baru', 'kurang', 'bagus', 'suka', 'ngefrezee', 'tolong', 'diperbaiki', 'aplikasi', 'atau', 'kembalikan', 'ke', 'aplikasi', 'lama', 'saja', 'kalau', 'memang', 'belum', 'sempurna', 'aplikasi', 'barunya']","['aplikasi', 'bagus', 'suka', 'ngefrezee', 'tolong', 'diperbaiki', 'aplikasi', 'kembalikan', 'aplikasi', 'sempurna', 'aplikasi', 'barunya']","['aplikasi', 'bagus', 'suka', 'ngefrezee', 'tolong', 'baik', 'aplikasi', 'kembali', 'aplikasi', 'sempurna', 'aplikasi', 'baru']",aplikasi bagus suka ngefrezee tolong baik aplikasi kembali aplikasi sempurna aplikasi baru,negatif,negatif,0.0,negatif,netral,negatif,positive
Jujuk Paranginangin,5,aplikasi nya sangat bagus banget,2025-11-16 02:04:23,32,aplikasi nya sangat bagus banget,aplikasi nya sangat bagus sangat,"['aplikasi', 'nya', 'sangat', 'bagus', 'sangat']","['aplikasi', 'nya', 'bagus']","['aplikasi', 'nya', 'bagus']",aplikasi nya bagus,positif,negatif,0.0,negatif,netral,negatif,positive
Sikil Bau,5,silit,2025-11-16 02:02:41,5,silit,silit,['silit'],['silit'],['silit'],silit,positif,negatif,0.0,negatif,netral,negatif,positive
Albert Gunawan,1,"kendalanya sama, gak bisa masuk, total udah 4x download dan hapus. kirain masalah di perizinan aplikasi, eh ternyata banyak yg mengalamin juga. berarti aplikasi nya yang belum sempurna. bagaimana ini pegadaian? masa kalah sama perusahaan daring ecek ecek yang sering numpang ngiklan di aplikasi lain alias pinjo....",2025-11-16 01:57:57,315,kendalanya sama gak bisa masuk total udah x download dan hapus kirain masalah di perizinan aplikasi eh ternyata banyak yg mengalamin juga berarti aplikasi nya yang belum sempurna bagaimana ini pegadaian masa kalah sama perusahaan daring ecek ecek yang sering numpang ngiklan di aplikasi lain alias pinjo,kendalanya sama tidak bisa masuk total sudah x download dan hapus kirain masalah di perizinan aplikasi eh ternyata banyak yg mengalamin juga berarti aplikasi nya yang belum sempurna bagaimana ini pegadaian masa kalah sama perusahaan daring ecek ecek yang sering numpang ngiklan di aplikasi lain alias pinjo,"['kendalanya', 'sama', 'tidak', 'bisa', 'masuk', 'total', 'sudah', 'x', 'download', 'dan', 'hapus', 'kirain', 'masalah', 'di', 'perizinan', 'aplikasi', 'eh', 'ternyata', 'banyak', 'yg', 'mengalamin', 'juga', 'berarti', 'aplikasi', 'nya', 'yang', 'belum', 'sempurna', 'bagaimana', 'ini', 'pegadaian', 'masa', 'kalah', 'sama', 'perusahaan', 'daring', 'ecek', 'ecek', 'yang', 'sering', 'numpang', 'ngiklan', 'di', 'aplikasi', 'lain', 'alias', 'pinjo']","['kendalanya', 'tidak', 'masuk', 'total', 'x', 'download', 'hapus', 'kirain', 'perizinan', 'aplikasi', 'eh', 'yg', 'mengalamin', 'aplikasi', 'nya', 'sempurna', 'pegadaian', 'kalah', 'perusahaan', 'daring', 'ecek', 'ecek', 'numpang', 'ngiklan', 'aplikasi', 'alias', 'pinjo']","['kendala', 'tidak', 'masuk', 'total', 'x', 'download', 'hapus', 'kirain', 'izin', 'aplikasi', 'eh', 'yg', 'alamin', 'aplikasi', 'nya', 'sempurna', 'gadai', 'kalah', 'usaha', 'daring', 'ecek', 'ecek', 'numpang', 'ngiklan', 'aplikasi', 'alias', 'pinjo']",kendala tidak masuk total x download hapus kirain izin aplikasi eh yg alamin aplikasi nya sempurna gadai kalah usaha daring ecek ecek numpang ngiklan aplikasi alias pinjo,negatif,positif,0.0,negatif,netral,negatif,negative
Indra Davit,1,"TRING adalah APLIKASI SAMPAH, Kecewa sebagai nasabah. ga bisa dibuka, aplikasi ngefreeze. Sekelas perusahaan BUMN seperti ini aplikasinya. Sangat buruk",2025-11-16 01:49:45,151,tring adalah aplikasi sampah kecewa sebagai nasabah ga bisa dibuka aplikasi ngefreeze sekelas perusahaan bumn seperti ini aplikasinya sangat buruk,tring adalah aplikasi sampah kecewa sebagai nasabah tidak bisa dibuka aplikasi ngefreeze sekelas perusahaan bumn seperti ini aplikasi sangat buruk,"['tring', 'adalah', 'aplikasi', 'sampah', 'kecewa', 'sebagai', 'nasabah', 'tidak', 'bisa', 'dibuka', 'aplikasi', 'ngefreeze', 'sekelas', 'perusahaan', 'bumn', 'seperti', 'ini', 'aplikasi', 'sangat', 'buruk']","['tring', 'aplikasi', 'sampah', 'kecewa', 'nasabah', 'tidak', 'dibuka', 'aplikasi', 'ngefreeze', 'sekelas', 'perusahaan', 'bumn', 'aplikasi', 'buruk']","['tring', 'aplikasi', 'sampah', 'kecewa', 'nasabah', 'tidak', 'buka', 'aplikasi', 'ngefreeze', 'kelas', 'usaha', 'bumn', 'aplikasi', 'buruk']",tring aplikasi sampah kecewa nasabah tidak buka aplikasi ngefreeze kelas usaha bumn aplikasi buruk,negatif,negatif,0.0,negatif,netral,negatif,negative
Henoch Febri96,5,bagaimana cara login aplikasi dibuka langsung mental tidak mau membuka sedangkan saya punya cicilan emas,2025-11-16 01:47:54,104,bagaimana cara login aplikasi dibuka langsung mental tidak mau membuka sedangkan saya punya cicilan emas,bagaimana cara login aplikasi dibuka langsung mental tidak mau membuka sedangkan saya punya cicilan emas,"['bagaimana', 'cara', 'login', 'aplikasi', 'dibuka', 'langsung', 'mental', 'tidak', 'mau', 'membuka', 'sedangkan', 'saya', 'punya', 'cicilan', 'emas']","['login', 'aplikasi', 'dibuka', 'langsung', 'mental', 'tidak', 'membuka', 'cicilan', 'emas']","['login', 'aplikasi', 'buka', 'langsung', 'mental', 'tidak', 'buka', 'cicil', 'emas']",login aplikasi buka langsung mental tidak buka cicil emas,positif,negatif,-0.1,negatif,netral,negatif,neutral
Dhafa Septianza zaida,5,apk yang bagus,2025-11-16 01:47:26,14,apk yang bagus,aplikasi yang bagus,"['aplikasi', 'yang', 'bagus']","['aplikasi', 'bagus']","['aplikasi', 'bagus']",aplikasi bagus,positif,negatif,0.0,negatif,netral,negatif,positive
Saiful Borotu,5,muannntaap,2025-11-16 01:46:54,10,muannntaap,muannntaap,['muannntaap'],['muannntaap'],['muannntaap'],muannntaap,positif,negatif,0.0,negatif,netral,negatif,positive
Akun samsung,1,sering crash,2025-11-16 01:34:01,12,sering crash,sering crash,"['sering', 'crash']",['crash'],['crash'],crash,negatif,negatif,0.0,negatif,netral,negatif,negative
Ridho Habsy,5,bagus sekali aplikasi ini,2025-11-16 01:27:45,25,bagus sekali aplikasi ini,bagus sekali aplikasi ini,"['bagus', 'sekali', 'aplikasi', 'ini']","['bagus', 'aplikasi']","['bagus', 'aplikasi']",bagus aplikasi,positif,negatif,0.0,negatif,netral,negatif,positive
ida fitriyanti,2,makin parah aplikasinya setelah beralih makon error ga bisa di buka,2025-11-16 01:24:42,67,makin parah aplikasinya setelah beralih makon error ga bisa di buka,makin parah aplikasi setelah beralih makon error tidak bisa di buka,"['makin', 'parah', 'aplikasi', 'setelah', 'beralih', 'makon', 'error', 'tidak', 'bisa', 'di', 'buka']","['parah', 'aplikasi', 'beralih', 'makon', 'error', 'tidak', 'buka']","['parah', 'aplikasi', 'alih', 'makon', 'error', 'tidak', 'buka']",parah aplikasi alih makon error tidak buka,negatif,negatif,0.0,negatif,netral,negatif,negative
Budi Kalek,5,mantap,2025-11-16 01:07:47,6,mantap,baik,['baik'],[],[],,positif,negatif,0.0,negatif,netral,negatif,neutral
Haikal hoerul,5,bagus,2025-11-16 01:00:13,5,bagus,bagus,['bagus'],['bagus'],['bagus'],bagus,positif,negatif,0.0,negatif,netral,negatif,positive
Aris Purnadi,2,"penggunaanya susah, login sulit",2025-11-16 00:27:09,31,penggunaanya susah login sulit,penggunaanya susah login sulit,"['penggunaanya', 'susah', 'login', 'sulit']","['penggunaanya', 'susah', 'login', 'sulit']","['penggunaanya', 'susah', 'login', 'sulit']",penggunaanya susah login sulit,negatif,negatif,0.0,negatif,netral,negatif,negative
Ridho Bagus,1,Tidak bisa dibuka,2025-11-16 00:11:28,17,tidak bisa dibuka,tidak bisa dibuka,"['tidak', 'bisa', 'dibuka']","['tidak', 'dibuka']","['tidak', 'buka']",tidak buka,negatif,negatif,0.0,negatif,netral,negatif,negative
Desta Harya Putra,5,aplikasi ini sangat bagus dan membantu untuk peminjaman online karena memiliki bunga yang sangat rendah dan sangat murah,2025-11-16 00:09:48,120,aplikasi ini sangat bagus dan membantu untuk peminjaman online karena memiliki bunga yang sangat rendah dan sangat murah,aplikasi ini sangat bagus dan membantu untuk peminjaman online karena memiliki bunga yang sangat rendah dan sangat murah,"['aplikasi', 'ini', 'sangat', 'bagus', 'dan', 'membantu', 'untuk', 'peminjaman', 'online', 'karena', 'memiliki', 'bunga', 'yang', 'sangat', 'rendah', 'dan', 'sangat', 'murah']","['aplikasi', 'bagus', 'membantu', 'peminjaman', 'online', 'memiliki', 'bunga', 'rendah', 'murah']","['aplikasi', 'bagus', 'bantu', 'pinjam', 'online', 'milik', 'bunga', 'rendah', 'murah']",aplikasi bagus bantu pinjam online milik bunga rendah murah,positif,negatif,0.0,negatif,netral,positif,positive
pradipta daniswara akekahan Wisanggeni,1,parah ini aplikasi crash trus.apa saya tarik semua tabungan saya aja.mwmbahayakan,2025-11-15 23:58:51,81,parah ini aplikasi crash trus apa saya tarik semua tabungan saya aja mwmbahayakan,parah ini aplikasi crash trus apa saya tarik semua tabungan saya saja mwmbahayakan,"['parah', 'ini', 'aplikasi', 'crash', 'trus', 'apa', 'saya', 'tarik', 'semua', 'tabungan', 'saya', 'saja', 'mwmbahayakan']","['parah', 'aplikasi', 'crash', 'trus', 'tarik', 'tabungan', 'mwmbahayakan']","['parah', 'aplikasi', 'crash', 'trus', 'tarik', 'tabung', 'mwmbahayakan']",parah aplikasi crash trus tarik tabung mwmbahayakan,negatif,negatif,0.0,negatif,netral,negatif,negative
Restu Kholifm,5,bagusss,2025-11-15 23:48:16,7,bagusss,bagus,['bagus'],['bagus'],['bagus'],bagus,positif,negatif,0.0,negatif,netral,negatif,positive
Erman SE,3,sangat bermanfaat.. tp kadang tdk bisa dinakses,2025-11-15 23:37:37,47,sangat bermanfaat tp kadang tdk bisa dinakses,sangat bermanfaat tapi kadang tidak bisa dinakses,"['sangat', 'bermanfaat', 'tapi', 'kadang', 'tidak', 'bisa', 'dinakses']","['bermanfaat', 'kadang', 'tidak', 'dinakses']","['manfaat', 'kadang', 'tidak', 'dinakses']",manfaat kadang tidak dinakses,netral,negatif,0.0,negatif,netral,negatif,negative
Susi Umborowati,1,"aplikasi tring kalau sudah di hapus dan di instal kembali, kenapa tidak bisa di gunakan kembali? bagaimana caranya untuk bisa di akses lagi?",2025-11-15 22:53:01,140,aplikasi tring kalau sudah di hapus dan di instal kembali kenapa tidak bisa di gunakan kembali bagaimana caranya untuk bisa di akses lagi,aplikasi tring kalau sudah di hapus dan di instal kembali kenapa tidak bisa di gunakan kembali bagaimana caranya untuk bisa di akses lagi,"['aplikasi', 'tring', 'kalau', 'sudah', 'di', 'hapus', 'dan', 'di', 'instal', 'kembali', 'kenapa', 'tidak', 'bisa', 'di', 'gunakan', 'kembali', 'bagaimana', 'caranya', 'untuk', 'bisa', 'di', 'akses', 'lagi']","['aplikasi', 'tring', 'hapus', 'instal', 'tidak', 'akses']","['aplikasi', 'tring', 'hapus', 'instal', 'tidak', 'akses']",aplikasi tring hapus instal tidak akses,negatif,negatif,0.0,negatif,netral,negatif,neutral
Arjuna Ireng Chanel,5,ok,2025-11-15 22:31:39,2,ok,baik,['baik'],[],[],,positif,positif,0.0,negatif,netral,negatif,neutral
Agus Gaming,5,mantab nih aplikasi nya,2025-11-15 22:28:30,23,mantab nih aplikasi nya,mantab ini aplikasi nya,"['mantab', 'ini', 'aplikasi', 'nya']","['mantab', 'aplikasi', 'nya']","['mantab', 'aplikasi', 'nya']",mantab aplikasi nya,positif,negatif,0.0,negatif,netral,negatif,positive
Budi Muklish,4,tring penggadaian..kenapa susah sekali dibuka (sering crash).tolong diperbaiki dong.,2025-11-15 22:10:24,84,tring penggadaian kenapa susah sekali dibuka sering crash tolong diperbaiki dong,tring penggadaian kenapa susah sekali dibuka sering crash tolong diperbaiki ,"['tring', 'penggadaian', 'kenapa', 'susah', 'sekali', 'dibuka', 'sering', 'crash', 'tolong', 'diperbaiki']","['tring', 'penggadaian', 'susah', 'dibuka', 'crash', 'tolong', 'diperbaiki']","['tring', 'gadai', 'susah', 'buka', 'crash', 'tolong', 'baik']",tring gadai susah buka crash tolong baik,positif,negatif,0.0,negatif,netral,negatif,negative
Irpan Mahesa,5,mudah dan cepat,2025-11-15 22:06:47,15,mudah dan cepat,mudah dan cepat,"['mudah', 'dan', 'cepat']","['mudah', 'cepat']","['mudah', 'cepat']",mudah cepat,positif,negatif,0.0,negatif,netral,positif,positive
Nur Sya'ban,1,mau log in aja gk bisa,2025-11-15 21:57:09,22,mau log in aja gk bisa,mau log in saja tidak bisa,"['mau', 'log', 'in', 'saja', 'tidak', 'bisa']","['log', 'in', 'tidak']","['log', 'in', 'tidak']",log in tidak,negatif,negatif,0.0,negatif,netral,negatif,negative
Farel Gege,1,payah,2025-11-15 21:36:51,5,payah,payah,['payah'],['payah'],['payah'],payah,negatif,negatif,0.0,negatif,netral,negatif,positive
rivaldo tanjung,5,baik,2025-11-15 21:14:49,4,baik,baik,['baik'],[],[],,positif,negatif,0.0,negatif,netral,negatif,neutral
ilman yaqin,5,keren,2025-11-15 20:21:23,5,keren,keren,['keren'],['keren'],['keren'],keren,positif,negatif,0.0,negatif,positif,positif,positive
Arif Setiyawan,1,"aplikasi sampah, woy aplikasi sampah gak bisa masuk ke aplikasi logout otomatis gimana woy, disitu ada duitku pegadaian aplikasi sampah",2025-11-15 19:49:20,135,aplikasi sampah woy aplikasi sampah gak bisa masuk ke aplikasi logout otomatis gimana woy disitu ada duitku pegadaian aplikasi sampah,aplikasi sampah woy aplikasi sampah tidak bisa masuk ke aplikasi logout otomatis bagaimana woy disitu ada duitku pegadaian aplikasi sampah,"['aplikasi', 'sampah', 'woy', 'aplikasi', 'sampah', 'tidak', 'bisa', 'masuk', 'ke', 'aplikasi', 'logout', 'otomatis', 'bagaimana', 'woy', 'disitu', 'ada', 'duitku', 'pegadaian', 'aplikasi', 'sampah']","['aplikasi', 'sampah', 'woy', 'aplikasi', 'sampah', 'tidak', 'masuk', 'aplikasi', 'logout', 'otomatis', 'woy', 'disitu', 'duitku', 'pegadaian', 'aplikasi', 'sampah']","['aplikasi', 'sampah', 'woy', 'aplikasi', 'sampah', 'tidak', 'masuk', 'aplikasi', 'logout', 'otomatis', 'woy', 'situ', 'duit', 'gadai', 'aplikasi', 'sampah']",aplikasi sampah woy aplikasi sampah tidak masuk aplikasi logout otomatis woy situ duit gadai aplikasi sampah,negatif,negatif,0.0,negatif,netral,negatif,neutral
Roy Alexander,5,keren banget,2025-11-15 19:23:28,12,keren banget,keren sangat,"['keren', 'sangat']",['keren'],['keren'],keren,positif,negatif,0.0,negatif,positif,positif,positive
Nabila,5,bermanfaat,2025-11-15 19:22:10,10,bermanfaat,bermanfaat,['bermanfaat'],['bermanfaat'],['manfaat'],manfaat,positif,negatif,0.0,negatif,netral,negatif,positive
Ddan Kresna,5,oke,2025-11-15 19:09:00,3,oke,baik,['baik'],[],[],,positif,negatif,0.0,negatif,netral,negatif,neutral
Padel Gg,5,mantap,2025-11-15 18:32:05,6,mantap,baik,['baik'],[],[],,positif,negatif,0.0,negatif,netral,negatif,neutral
Riki aulian Arvinonazril,5,baik!,2025-11-15 18:25:29,5,baik,baik,['baik'],[],[],,positif,negatif,0.0,negatif,netral,negatif,neutral
Nizma Yunita,2,"kenapaa aplikasi tbtb ganti jadi tring ? login nya susah ribet kode referral dr mana gak masuk masuk, trs uang yg sudah tersimpan bagaimana!?",2025-11-15 18:24:34,141,kenapaa aplikasi tbtb ganti jadi tring login nya susah ribet kode referral dr mana gak masuk masuk trs uang yg sudah tersimpan bagaimana,kenapaa aplikasi tbtb ganti jadi tring login nya susah ribet kode referral dari mana tidak masuk masuk trs uang yg sudah tersimpan bagaimana,"['kenapaa', 'aplikasi', 'tbtb', 'ganti', 'jadi', 'tring', 'login', 'nya', 'susah', 'ribet', 'kode', 'referral', 'dari', 'mana', 'tidak', 'masuk', 'masuk', 'trs', 'uang', 'yg', 'sudah', 'tersimpan', 'bagaimana']","['kenapaa', 'aplikasi', 'tbtb', 'ganti', 'tring', 'login', 'nya', 'susah', 'ribet', 'kode', 'referral', 'tidak', 'masuk', 'masuk', 'trs', 'uang', 'yg', 'tersimpan']","['kenapaa', 'aplikasi', 'tbtb', 'ganti', 'tring', 'login', 'nya', 'susah', 'ribet', 'kode', 'referral', 'tidak', 'masuk', 'masuk', 'trs', 'uang', 'yg', 'simpan']",kenapaa aplikasi tbtb ganti tring login nya susah ribet kode referral tidak masuk masuk trs uang yg simpan,negatif,negatif,0.0,negatif,netral,negatif,negative
Emil Irzani,5,cukup untuk saat ini...,2025-11-15 18:20:37,23,cukup untuk saat ini,cukup untuk saat ini,"['cukup', 'untuk', 'saat', 'ini']",[],[],,positif,negatif,0.0,negatif,netral,negatif,neutral
robet sasongko,1,"fitur nya semakin sedikit ,fitur masih belum jalan sepenuhnya",2025-11-15 17:45:44,61,fitur nya semakin sedikit fitur masih belum jalan sepenuhnya,fitur nya semakin sedikit fitur masih belum jalan sepenuhnya,"['fitur', 'nya', 'semakin', 'sedikit', 'fitur', 'masih', 'belum', 'jalan', 'sepenuhnya']","['fitur', 'nya', 'fitur', 'jalan', 'sepenuhnya']","['fitur', 'nya', 'fitur', 'jalan', 'sepenuh']",fitur nya fitur jalan sepenuh,negatif,negatif,0.0,negatif,netral,negatif,positive
Anas Muzawir,5,bagus,2025-11-15 17:40:24,5,bagus,bagus,['bagus'],['bagus'],['bagus'],bagus,positif,negatif,0.0,negatif,netral,negatif,positive
Khoirunnisa Azzahro,5,ok,2025-11-15 17:33:04,2,ok,baik,['baik'],[],[],,positif,positif,0.0,negatif,netral,negatif,neutral
Dita Melania,1,"udh bisa daftar sih kmrn, cuma buat login ulang gabisa. Masuk app susahnya setengah mati, padahal mau transaksi tp gabisa, sampah bgt app lo. Ditanyai knp eror jawabnya lg maintenance, dari kmrn gitu mulu alesannya basi. BUDGET BUAT APLIKASI GEDE TAPI YG DI DAPAT APLIKASI SAMPAH YA BUAT APA?? PAKE PROGRAMING YG BAGUS, HIRE IT YG OKE DONG. kalo emg belum MUMPUNI JGN LAUNCHING.",2025-11-15 17:10:44,378,udh bisa daftar sih kmrn cuma buat login ulang gabisa masuk app susahnya setengah mati padahal mau transaksi tp gabisa sampah bgt app lo ditanyai knp eror jawabnya lg maintenance dari kmrn gitu mulu alesannya basi budget buat aplikasi gede tapi yg di dapat aplikasi sampah ya buat apa pake programing yg bagus hire it yg oke dong kalo emg belum mumpuni jgn launching,sudah bisa daftar  kemarin cuma buat login ulang tidak bisa masuk app susahnya setengah mati padahal mau transaksi tapi tidak bisa sampah banget app lo ditanyai knp eror jawabnya lagi maintenance dari kemarin gitu mulu alesannya basi budget buat aplikasi gede tapi yg di dapat aplikasi sampah ya buat apa pake programing yg bagus hire it yg baik  kalau emg belum mumpuni jgn launching,"['sudah', 'bisa', 'daftar', 'kemarin', 'cuma', 'buat', 'login', 'ulang', 'tidak', 'bisa', 'masuk', 'app', 'susahnya', 'setengah', 'mati', 'padahal', 'mau', 'transaksi', 'tapi', 'tidak', 'bisa', 'sampah', 'banget', 'app', 'lo', 'ditanyai', 'knp', 'eror', 'jawabnya', 'lagi', 'maintenance', 'dari', 'kemarin', 'gitu', 'mulu', 'alesannya', 'basi', 'budget', 'buat', 'aplikasi', 'gede', 'tapi', 'yg', 'di', 'dapat', 'aplikasi', 'sampah', 'ya', 'buat', 'apa', 'pake', 'programing', 'yg', 'bagus', 'hire', 'it', 'yg', 'baik', 'kalau', 'emg', 'belum', 'mumpuni', 'jgn', 'launching']","['daftar', 'kemarin', 'login', 'ulang', 'tidak', 'masuk', 'app', 'susahnya', 'mati', 'transaksi', 'tidak', 'sampah', 'banget', 'app', 'lo', 'knp', 'eror', 'maintenance', 'kemarin', 'gitu', 'mulu', 'alesannya', 'basi', 'budget', 'aplikasi', 'gede', 'yg', 'aplikasi', 'sampah', 'ya', 'pake', 'programing', 'yg', 'bagus', 'hire', 'it', 'yg', 'emg', 'mumpuni', 'jgn', 'launching']","['daftar', 'kemarin', 'login', 'ulang', 'tidak', 'masuk', 'app', 'susah', 'mati', 'transaksi', 'tidak', 'sampah', 'banget', 'app', 'lo', 'knp', 'eror', 'maintenance', 'kemarin', 'gitu', 'mulu', 'alesannya', 'basi', 'budget', 'aplikasi', 'gede', 'yg', 'aplikasi', 'sampah', 'ya', 'pake', 'programing', 'yg', 'bagus', 'hire', 'it', 'yg', 'emg', 'mumpuni', 'jgn', 'launching']",daftar kemarin login ulang tidak masuk app susah mati transaksi tidak sampah banget app lo knp eror maintenance kemarin gitu mulu alesannya basi budget aplikasi gede yg aplikasi sampah ya pake programing yg bagus hire it yg emg mumpuni jgn launching,negatif,negatif,0.0,negatif,netral,negatif,negative
Aryra_ Varerra,5,apk ngbug,2025-11-15 17:08:32,9,apk ngbug,aplikasi ngbug,"['aplikasi', 'ngbug']","['aplikasi', 'ngbug']","['aplikasi', 'ngbug']",aplikasi ngbug,positif,negatif,0.0,negatif,netral,negatif,negative
Myfavorit Azzami,5,aplikasi yang keren,2025-11-15 16:59:59,19,aplikasi yang keren,aplikasi yang keren,"['aplikasi', 'yang', 'keren']","['aplikasi', 'keren']","['aplikasi', 'keren']",aplikasi keren,positif,negatif,0.0,negatif,netral,positif,positive
Holis Holis bocil,5,josgandos,2025-11-15 16:33:48,9,josgandos,josgandos,['josgandos'],['josgandos'],['josgandos'],josgandos,positif,negatif,0.0,negatif,netral,negatif,positive
Satria Angga,5,sangat bagus apk nya,2025-11-15 16:14:13,20,sangat bagus apk nya,sangat bagus aplikasi nya,"['sangat', 'bagus', 'aplikasi', 'nya']","['bagus', 'aplikasi', 'nya']","['bagus', 'aplikasi', 'nya']",bagus aplikasi nya,positif,negatif,0.0,negatif,netral,negatif,positive
Addy,5,bagus bangettt,2025-11-15 16:11:12,14,bagus bangettt,bagus bangettt,"['bagus', 'bangettt']","['bagus', 'bangettt']","['bagus', 'bangettt']",bagus bangettt,positif,negatif,0.0,negatif,netral,negatif,positive
Tiara Agustiani,2,kenapa APKnya gabisa dibuka???,2025-11-15 15:56:53,30,kenapa apknya gabisa dibuka,kenapa apknya tidak bisa dibuka,"['kenapa', 'apknya', 'tidak', 'bisa', 'dibuka']","['apknya', 'tidak', 'dibuka']","['apknya', 'tidak', 'buka']",apknya tidak buka,negatif,negatif,0.0,negatif,netral,positif,negative
Sulee Leesu,5,mantap man,2025-11-15 15:49:04,10,mantap man,baik man,"['baik', 'man']",['man'],['man'],man,positif,negatif,0.0,negatif,netral,negatif,positive
Azis Movic,1,"lahh kok saya jadi tidak masuk, notifikasinya terindikasi menggunakan keyboard pihak ketiga, padahal saya tidak menggunakan keyboard pihak ketiga, kacauu nih",2025-11-15 15:48:42,157,lahh kok saya jadi tidak masuk notifikasinya terindikasi menggunakan keyboard pihak ketiga padahal saya tidak menggunakan keyboard pihak ketiga kacauu nih,lahh  saya jadi tidak masuk notifikasinya terindikasi menggunakan keyboard pihak ketiga padahal saya tidak menggunakan keyboard pihak ketiga kacauu ini,"['lahh', 'saya', 'jadi', 'tidak', 'masuk', 'notifikasinya', 'terindikasi', 'menggunakan', 'keyboard', 'pihak', 'ketiga', 'padahal', 'saya', 'tidak', 'menggunakan', 'keyboard', 'pihak', 'ketiga', 'kacauu', 'ini']","['lahh', 'tidak', 'masuk', 'notifikasinya', 'terindikasi', 'keyboard', 'ketiga', 'tidak', 'keyboard', 'ketiga', 'kacauu']","['lahh', 'tidak', 'masuk', 'notifikasi', 'indikasi', 'keyboard', 'tiga', 'tidak', 'keyboard', 'tiga', 'kacauu']",lahh tidak masuk notifikasi indikasi keyboard tiga tidak keyboard tiga kacauu,negatif,negatif,0.0,negatif,netral,negatif,negative
Aldiansyah -,1,"akun saya hilang, sejak update aplikasi ini. bagaimana?",2025-11-15 15:47:43,55,akun saya hilang sejak update aplikasi ini bagaimana,akun saya hilang sejak update aplikasi ini bagaimana,"['akun', 'saya', 'hilang', 'sejak', 'update', 'aplikasi', 'ini', 'bagaimana']","['akun', 'hilang', 'update', 'aplikasi']","['akun', 'hilang', 'update', 'aplikasi']",akun hilang update aplikasi,negatif,negatif,0.0,negatif,netral,negatif,neutral
choirun nisa,1,jangan upgrade ke versi tring ini bagi yang punya nama tanda petik di Ktp akan bermasalah dengan rekening yang dihubungkan ! menyesal sy. sudah hubungi CSpegadaian baik offline maupun online hanya bs lempar kesalahan ke pihak bank. padahal buat rekening bank lain samagagal!!,2025-11-15 15:47:29,275,jangan upgrade ke versi tring ini bagi yang punya nama tanda petik di ktp akan bermasalah dengan rekening yang dihubungkan menyesal sy sudah hubungi cspegadaian baik offline maupun online hanya bs lempar kesalahan ke pihak bank padahal buat rekening bank lain samagagal,jangan upgrade ke versi tring ini bagi yang punya nama tanda petik di ktp akan bermasalah dengan rekening yang dihubungkan menyesal sy sudah hubungi cspegadaian baik offline maupun online hanya bs lempar kesalahan ke pihak bank padahal buat rekening bank lain samagagal,"['jangan', 'upgrade', 'ke', 'versi', 'tring', 'ini', 'bagi', 'yang', 'punya', 'nama', 'tanda', 'petik', 'di', 'ktp', 'akan', 'bermasalah', 'dengan', 'rekening', 'yang', 'dihubungkan', 'menyesal', 'sy', 'sudah', 'hubungi', 'cspegadaian', 'baik', 'offline', 'maupun', 'online', 'hanya', 'bs', 'lempar', 'kesalahan', 'ke', 'pihak', 'bank', 'padahal', 'buat', 'rekening', 'bank', 'lain', 'samagagal']","['upgrade', 'versi', 'tring', 'nama', 'tanda', 'petik', 'ktp', 'bermasalah', 'rekening', 'dihubungkan', 'menyesal', 'sy', 'hubungi', 'cspegadaian', 'offline', 'online', 'bs', 'lempar', 'kesalahan', 'bank', 'rekening', 'bank', 'samagagal']","['upgrade', 'versi', 'tring', 'nama', 'tanda', 'petik', 'ktp', 'masalah', 'rekening', 'hubung', 'sesal', 'sy', 'hubung', 'cspegadaian', 'offline', 'online', 'bs', 'lempar', 'salah', 'bank', 'rekening', 'bank', 'samagagal']",upgrade versi tring nama tanda petik ktp masalah rekening hubung sesal sy hubung cspegadaian offline online bs lempar salah bank rekening bank samagagal,negatif,negatif,0.0,negatif,netral,negatif,neutral
Eony Salala,5,aplikasi ini sangat membantu,2025-11-15 15:22:58,28,aplikasi ini sangat membantu,aplikasi ini sangat membantu,"['aplikasi', 'ini', 'sangat', 'membantu']","['aplikasi', 'membantu']","['aplikasi', 'bantu']",aplikasi bantu,positif,negatif,0.0,negatif,netral,positif,positive
Wida wida,5,huuğŸ‘,2025-11-15 15:10:47,4,huu,huu,['huu'],['huu'],['huu'],huu,positif,negatif,0.0,negatif,netral,negatif,positive
Jun Iskandar,5,baik,2025-11-15 15:01:59,4,baik,baik,['baik'],[],[],,positif,negatif,0.0,negatif,netral,negatif,neutral
Juliandi Purba,1,tidak lebih baik bahkan jauh lebih buruk dari aplikasi pegadaian yang sebelumnya,2025-11-15 14:50:15,80,tidak lebih baik bahkan jauh lebih buruk dari aplikasi pegadaian yang sebelumnya,tidak lebih baik bahkan jauh lebih buruk dari aplikasi pegadaian yang sebelumnya,"['tidak', 'lebih', 'baik', 'bahkan', 'jauh', 'lebih', 'buruk', 'dari', 'aplikasi', 'pegadaian', 'yang', 'sebelumnya']","['tidak', 'buruk', 'aplikasi', 'pegadaian']","['tidak', 'buruk', 'aplikasi', 'gadai']",tidak buruk aplikasi gadai,negatif,negatif,0.0,negatif,netral,negatif,positive
Anggi nuarini,5,bagus,2025-11-15 14:48:50,5,bagus,bagus,['bagus'],['bagus'],['bagus'],bagus,positif,negatif,0.0,negatif,netral,negatif,positive
King Ote,5,gak bisa di masuk,2025-11-15 14:46:40,17,gak bisa di masuk,tidak bisa di masuk,"['tidak', 'bisa', 'di', 'masuk']","['tidak', 'masuk']","['tidak', 'masuk']",tidak masuk,positif,negatif,0.0,negatif,netral,negatif,negative
Dyaa Reyy,5,sangat rekomendasi sekali apk nya bagusâ¤ï¸ğŸ¥°,2025-11-15 14:33:59,42,sangat rekomendasi sekali apk nya bagus,sangat rekomendasi sekali aplikasi nya bagus,"['sangat', 'rekomendasi', 'sekali', 'aplikasi', 'nya', 'bagus']","['rekomendasi', 'aplikasi', 'nya', 'bagus']","['rekomendasi', 'aplikasi', 'nya', 'bagus']",rekomendasi aplikasi nya bagus,positif,negatif,0.0,negatif,netral,positif,positive
retceh channel,5,baik,2025-11-15 14:10:31,4,baik,baik,['baik'],[],[],,positif,negatif,0.0,negatif,netral,negatif,neutral
Riko Eka Pradesta,5,sangat bagus,2025-11-15 14:02:21,12,sangat bagus,sangat bagus,"['sangat', 'bagus']",['bagus'],['bagus'],bagus,positif,negatif,0.0,negatif,netral,negatif,positive
å¤æ¢…ç¾ç¾,5,gampang aplikasi ini buat pengadaian,2025-11-15 13:41:42,36,gampang aplikasi ini buat pengadaian,gampang aplikasi ini buat pengadaian,"['gampang', 'aplikasi', 'ini', 'buat', 'pengadaian']","['gampang', 'aplikasi', 'pengadaian']","['gampang', 'aplikasi', 'pengadaian']",gampang aplikasi pengadaian,positif,negatif,0.0,negatif,netral,negatif,neutral
Qonita Faradisal,5,sangat membantu,2025-11-15 13:21:57,15,sangat membantu,sangat membantu,"['sangat', 'membantu']",['membantu'],['bantu'],bantu,positif,negatif,0.0,negatif,netral,positif,negative
Lusiana Keliat,5,oke,2025-11-15 13:21:14,3,oke,baik,['baik'],[],[],,positif,negatif,0.0,negatif,netral,negatif,neutral
Hi_ruma Kurita,1,"Aplikasi crash tidak bisa d buka, harus hapus data dulu. lalu ulang input data diri baru bisa terbuka. tolong segera perbaiki",2025-11-15 13:14:29,125,aplikasi crash tidak bisa d buka harus hapus data dulu lalu ulang input data diri baru bisa terbuka tolong segera perbaiki,aplikasi crash tidak bisa d buka harus hapus data dulu lalu ulang input data diri baru bisa terbuka tolong segera perbaiki,"['aplikasi', 'crash', 'tidak', 'bisa', 'd', 'buka', 'harus', 'hapus', 'data', 'dulu', 'lalu', 'ulang', 'input', 'data', 'diri', 'baru', 'bisa', 'terbuka', 'tolong', 'segera', 'perbaiki']","['aplikasi', 'crash', 'tidak', 'd', 'buka', 'hapus', 'data', 'ulang', 'input', 'data', 'terbuka', 'tolong', 'perbaiki']","['aplikasi', 'crash', 'tidak', 'd', 'buka', 'hapus', 'data', 'ulang', 'input', 'data', 'buka', 'tolong', 'baik']",aplikasi crash tidak d buka hapus data ulang input data buka tolong baik,negatif,negatif,0.0,negatif,netral,negatif,neutral
fcky saputra,5,aplikasi Yang sangat Mudah,2025-11-15 13:03:55,26,aplikasi yang sangat mudah,aplikasi yang sangat mudah,"['aplikasi', 'yang', 'sangat', 'mudah']","['aplikasi', 'mudah']","['aplikasi', 'mudah']",aplikasi mudah,positif,negatif,0.0,negatif,netral,positif,positive
Gunarto AE,3,lhooo knpa ini habis di update malah susah di buka aplikasinya,2025-11-15 12:56:01,62,lhooo knpa ini habis di update malah susah di buka aplikasinya,lhooo knpa ini habis di update malah susah di buka aplikasi,"['lhooo', 'knpa', 'ini', 'habis', 'di', 'update', 'malah', 'susah', 'di', 'buka', 'aplikasi']","['lhooo', 'knpa', 'habis', 'update', 'susah', 'buka', 'aplikasi']","['lhooo', 'knpa', 'habis', 'update', 'susah', 'buka', 'aplikasi']",lhooo knpa habis update susah buka aplikasi,netral,negatif,0.0,negatif,netral,negatif,negative
Santoso Aja,3,kayak e aplikasinya belom sempurna mental trus saat mau log in,2025-11-15 12:54:49,62,kayak e aplikasinya belom sempurna mental trus saat mau log in,kayak e aplikasi belom sempurna mental trus saat mau log in,"['kayak', 'e', 'aplikasi', 'belom', 'sempurna', 'mental', 'trus', 'saat', 'mau', 'log', 'in']","['kayak', 'e', 'aplikasi', 'belom', 'sempurna', 'mental', 'trus', 'log', 'in']","['kayak', 'e', 'aplikasi', 'bom', 'sempurna', 'mental', 'trus', 'log', 'in']",kayak e aplikasi bom sempurna mental trus log in,netral,negatif,-0.1,negatif,netral,negatif,negative
raden Permana,5,bagus,2025-11-15 12:35:32,5,bagus,bagus,['bagus'],['bagus'],['bagus'],bagus,positif,negatif,0.0,negatif,netral,negatif,positive
Aprilya sindy Putri,1,kenapa setelah update ke yang baru ini nik dan data saya tidak di ketahui? masih ada tabungan emas sayaa di dalam. tolong admin bagaimana ini,2025-11-15 12:34:48,141,kenapa setelah update ke yang baru ini nik dan data saya tidak di ketahui masih ada tabungan emas sayaa di dalam tolong admin bagaimana ini,kenapa setelah update ke yang baru ini nik dan data saya tidak di ketahui masih ada tabungan emas sayaa di dalam tolong admin bagaimana ini,"['kenapa', 'setelah', 'update', 'ke', 'yang', 'baru', 'ini', 'nik', 'dan', 'data', 'saya', 'tidak', 'di', 'ketahui', 'masih', 'ada', 'tabungan', 'emas', 'sayaa', 'di', 'dalam', 'tolong', 'admin', 'bagaimana', 'ini']","['update', 'nik', 'data', 'tidak', 'ketahui', 'tabungan', 'emas', 'sayaa', 'tolong', 'admin']","['update', 'nik', 'data', 'tidak', 'tahu', 'tabung', 'emas', 'sayaa', 'tolong', 'admin']",update nik data tidak tahu tabung emas sayaa tolong admin,negatif,negatif,0.0,negatif,netral,negatif,neutral
Ika ninda lestari,1,ini gimna ya mau log in kk gak bisa udh tak hapus dan tak instal lagi ttep gak bisa trus gmn tabungan sya aplikasinya kk kyak aplikasi bodong,2025-11-15 12:21:51,141,ini gimna ya mau log in kk gak bisa udh tak hapus dan tak instal lagi ttep gak bisa trus gmn tabungan sya aplikasinya kk kyak aplikasi bodong,ini gimna ya mau log in kk tidak bisa sudah tidak hapus dan tidak instal lagi ttep tidak bisa trus bagaimana tabungan sya aplikasi kk kyak aplikasi bodong,"['ini', 'gimna', 'ya', 'mau', 'log', 'in', 'kk', 'tidak', 'bisa', 'sudah', 'tidak', 'hapus', 'dan', 'tidak', 'instal', 'lagi', 'ttep', 'tidak', 'bisa', 'trus', 'bagaimana', 'tabungan', 'sya', 'aplikasi', 'kk', 'kyak', 'aplikasi', 'bodong']","['gimna', 'ya', 'log', 'in', 'kk', 'tidak', 'tidak', 'hapus', 'tidak', 'instal', 'ttep', 'tidak', 'trus', 'tabungan', 'sya', 'aplikasi', 'kk', 'kyak', 'aplikasi', 'bodong']","['gimna', 'ya', 'log', 'in', 'kk', 'tidak', 'tidak', 'hapus', 'tidak', 'instal', 'ttep', 'tidak', 'trus', 'tabung', 'sya', 'aplikasi', 'kk', 'kyak', 'aplikasi', 'bodong']",gimna ya log in kk tidak tidak hapus tidak instal ttep tidak trus tabung sya aplikasi kk kyak aplikasi bodong,negatif,positif,0.0,negatif,netral,negatif,neutral
Mutia Mutiacell,5,"aplikasi ini sangat menguntungkan buat saya, terimakasih!!",2025-11-15 12:16:11,58,aplikasi ini sangat menguntungkan buat saya terimakasih,aplikasi ini sangat menguntungkan buat saya terimakasih,"['aplikasi', 'ini', 'sangat', 'menguntungkan', 'buat', 'saya', 'terimakasih']","['aplikasi', 'menguntungkan', 'terimakasih']","['aplikasi', 'untung', 'terimakasih']",aplikasi untung terimakasih,positif,negatif,0.0,negatif,netral,positif,positive
Ahmad Azhari Y,1,Maaf total sudah 3 hari ini aplikasi crash terus. Saya pakai wifi dengan upload dan download 200mbps dan untuk jaringan selular sudah 5G. Dan sudah reinstal ulang. Terus solusinya gmn nih?,2025-11-15 12:15:49,188,maaf total sudah hari ini aplikasi crash terus saya pakai wifi dengan upload dan download mbps dan untuk jaringan selular sudah g dan sudah reinstal ulang terus solusinya gmn nih,maaf total sudah hari ini aplikasi crash terus saya pakai wifi dengan upload dan download mbps dan untuk jaringan selular sudah g dan sudah reinstal ulang terus solusinya bagaimana ini,"['maaf', 'total', 'sudah', 'hari', 'ini', 'aplikasi', 'crash', 'terus', 'saya', 'pakai', 'wifi', 'dengan', 'upload', 'dan', 'download', 'mbps', 'dan', 'untuk', 'jaringan', 'selular', 'sudah', 'g', 'dan', 'sudah', 'reinstal', 'ulang', 'terus', 'solusinya', 'bagaimana', 'ini']","['maaf', 'total', 'aplikasi', 'crash', 'pakai', 'wifi', 'upload', 'download', 'mbps', 'jaringan', 'selular', 'g', 'reinstal', 'ulang', 'solusinya']","['maaf', 'total', 'aplikasi', 'crash', 'pakai', 'wifi', 'upload', 'download', 'mbps', 'jaring', 'selular', 'g', 'reinstal', 'ulang', 'solusi']",maaf total aplikasi crash pakai wifi upload download mbps jaring selular g reinstal ulang solusi,negatif,negatif,0.0,negatif,netral,negatif,neutral
Gading Wiga,3,apa urgensi beralih aplikasi?? udah gitu harus verifikasi untuk mengalihkan akun tujuam digital itu mempermudah malah harus ke kantor cabang dulu,2025-11-15 12:15:43,145,apa urgensi beralih aplikasi udah gitu harus verifikasi untuk mengalihkan akun tujuam digital itu mempermudah malah harus ke kantor cabang dulu,apa urgensi beralih aplikasi sudah gitu harus verifikasi untuk mengalihkan akun tujuam digital itu mempermudah malah harus ke kantor cabang dulu,"['apa', 'urgensi', 'beralih', 'aplikasi', 'sudah', 'gitu', 'harus', 'verifikasi', 'untuk', 'mengalihkan', 'akun', 'tujuam', 'digital', 'itu', 'mempermudah', 'malah', 'harus', 'ke', 'kantor', 'cabang', 'dulu']","['urgensi', 'beralih', 'aplikasi', 'gitu', 'verifikasi', 'mengalihkan', 'akun', 'tujuam', 'digital', 'mempermudah', 'kantor', 'cabang']","['urgensi', 'alih', 'aplikasi', 'gitu', 'verifikasi', 'alih', 'akun', 'tujuam', 'digital', 'mudah', 'kantor', 'cabang']",urgensi alih aplikasi gitu verifikasi alih akun tujuam digital mudah kantor cabang,netral,negatif,0.0,negatif,netral,negatif,neutral
Hasbiyal Looh,5,bagus dan fast respon,2025-11-15 12:13:41,21,bagus dan fast respon,bagus dan fast respon,"['bagus', 'dan', 'fast', 'respon']","['bagus', 'fast', 'respon']","['bagus', 'fast', 'respon']",bagus fast respon,positif,negatif,0.2,positif,netral,negatif,positive
Sri Sulastri,1,kenapa ini ga bisa dibuka aplikasinya?,2025-11-15 12:11:18,38,kenapa ini ga bisa dibuka aplikasinya,kenapa ini tidak bisa dibuka aplikasi,"['kenapa', 'ini', 'tidak', 'bisa', 'dibuka', 'aplikasi']","['tidak', 'dibuka', 'aplikasi']","['tidak', 'buka', 'aplikasi']",tidak buka aplikasi,negatif,negatif,0.0,negatif,netral,negatif,negative
Devonte Caldwell Devonte Caldwell,5,"proses pencairannya cepat dan transparan,sangat praktis",2025-11-15 12:01:37,55,proses pencairannya cepat dan transparan sangat praktis,proses pencairannya cepat dan transparan sangat praktis,"['proses', 'pencairannya', 'cepat', 'dan', 'transparan', 'sangat', 'praktis']","['proses', 'pencairannya', 'cepat', 'transparan', 'praktis']","['proses', 'cair', 'cepat', 'transparan', 'praktis']",proses cair cepat transparan praktis,positif,negatif,0.0,negatif,netral,positif,positive
Oki Sholeh,5,"aplikasinya keren, sangat membantu untuk kebutuhan sehari-hari, serta dapat cepat sukses",2025-11-15 11:58:39,88,aplikasinya keren sangat membantu untuk kebutuhan sehari hari serta dapat cepat sukses,aplikasi keren sangat membantu untuk kebutuhan sehari hari serta dapat cepat sukses,"['aplikasi', 'keren', 'sangat', 'membantu', 'untuk', 'kebutuhan', 'sehari', 'hari', 'serta', 'dapat', 'cepat', 'sukses']","['aplikasi', 'keren', 'membantu', 'kebutuhan', 'sehari', 'cepat', 'sukses']","['aplikasi', 'keren', 'bantu', 'butuh', 'hari', 'cepat', 'sukses']",aplikasi keren bantu butuh hari cepat sukses,positif,negatif,0.0,negatif,netral,positif,positive
candra ardiyansah,1,aplikasi masih perlu banyak perbaikan,2025-11-15 11:57:23,37,aplikasi masih perlu banyak perbaikan,aplikasi masih perlu banyak perbaikan,"['aplikasi', 'masih', 'perlu', 'banyak', 'perbaikan']","['aplikasi', 'perbaikan']","['aplikasi', 'baik']",aplikasi baik,negatif,negatif,0.0,negatif,positif,negatif,positive
TEGUH PRASETYANTO,1,aplikasi masih nge lag,2025-11-15 11:38:52,22,aplikasi masih nge lag,aplikasi masih nge lag,"['aplikasi', 'masih', 'nge', 'lag']","['aplikasi', 'nge', 'lag']","['aplikasi', 'nge', 'lag']",aplikasi nge lag,negatif,negatif,0.0,negatif,netral,negatif,negative
Aida Safitri,1,aplikasi tidak bisa di buka sama sekali... sudah info petugas pegadaian suruh coba lagi tapi sudah di coba tetap ngk bisa sampai sekarang.. ğŸ˜©,2025-11-15 11:37:51,141,aplikasi tidak bisa di buka sama sekali sudah info petugas pegadaian suruh coba lagi tapi sudah di coba tetap ngk bisa sampai sekarang,aplikasi tidak bisa di buka sama sekali sudah info petugas pegadaian suruh coba lagi tapi sudah di coba tetap ngk bisa sampai sekarang,"['aplikasi', 'tidak', 'bisa', 'di', 'buka', 'sama', 'sekali', 'sudah', 'info', 'petugas', 'pegadaian', 'suruh', 'coba', 'lagi', 'tapi', 'sudah', 'di', 'coba', 'tetap', 'ngk', 'bisa', 'sampai', 'sekarang']","['aplikasi', 'tidak', 'buka', 'info', 'petugas', 'pegadaian', 'suruh', 'coba', 'coba', 'ngk']","['aplikasi', 'tidak', 'buka', 'info', 'tugas', 'gadai', 'suruh', 'coba', 'coba', 'ngk']",aplikasi tidak buka info tugas gadai suruh coba coba ngk,negatif,negatif,0.0,negatif,netral,negatif,neutral
adjie qalby,5,aplikasinya mantap. pencairan langsung di kirim saat itu juga. sesuai dengan harga yang terbaru.,2025-11-15 11:22:51,96,aplikasinya mantap pencairan langsung di kirim saat itu juga sesuai dengan harga yang terbaru,aplikasi baik pencairan langsung di kirim saat itu juga sesuai dengan harga yang terbaru,"['aplikasi', 'baik', 'pencairan', 'langsung', 'di', 'kirim', 'saat', 'itu', 'juga', 'sesuai', 'dengan', 'harga', 'yang', 'terbaru']","['aplikasi', 'pencairan', 'langsung', 'kirim', 'sesuai', 'harga', 'terbaru']","['aplikasi', 'cair', 'langsung', 'kirim', 'sesuai', 'harga', 'baru']",aplikasi cair langsung kirim sesuai harga baru,positif,negatif,0.0,negatif,netral,negatif,neutral
novi isnaini,2,"aplikasi baru makin susah, mau nambah rekening bank juga sulit, pilihan sedikit dan sering eror",2025-11-15 11:18:46,95,aplikasi baru makin susah mau nambah rekening bank juga sulit pilihan sedikit dan sering eror,aplikasi baru makin susah mau nambah rekening bank juga sulit pilihan sedikit dan sering eror,"['aplikasi', 'baru', 'makin', 'susah', 'mau', 'nambah', 'rekening', 'bank', 'juga', 'sulit', 'pilihan', 'sedikit', 'dan', 'sering', 'eror']","['aplikasi', 'susah', 'nambah', 'rekening', 'bank', 'sulit', 'pilihan', 'eror']","['aplikasi', 'susah', 'nambah', 'rekening', 'bank', 'sulit', 'pilih', 'eror']",aplikasi susah nambah rekening bank sulit pilih eror,negatif,negatif,0.0,negatif,netral,negatif,negative
Arif Munandar,5,keren bgt aplikasinyaa aku sukaa,2025-11-15 11:17:54,32,keren bgt aplikasinyaa aku sukaa,keren banget aplikasinyaa aku sukaa,"['keren', 'banget', 'aplikasinyaa', 'aku', 'sukaa']","['keren', 'banget', 'aplikasinyaa', 'sukaa']","['keren', 'banget', 'aplikasinyaa', 'sukaa']",keren banget aplikasinyaa sukaa,positif,negatif,0.0,negatif,positif,positif,positive
Kcong Indo,5,"tolong di tingkat kan sering crass di suruh mengosongkat riwayat terus menerus, harus verifikasi wajah terus jika di kosongkan riwayatnya, jika tidak apk tidak mau terbuka mental terus",2025-11-15 11:11:08,184,tolong di tingkat kan sering crass di suruh mengosongkat riwayat terus menerus harus verifikasi wajah terus jika di kosongkan riwayatnya jika tidak apk tidak mau terbuka mental terus,tolong di tingkat kan sering crass di suruh mengosongkat riwayat terus menerus harus verifikasi wajah terus jika di kosongkan riwayatnya jika tidak aplikasi tidak mau terbuka mental terus,"['tolong', 'di', 'tingkat', 'kan', 'sering', 'crass', 'di', 'suruh', 'mengosongkat', 'riwayat', 'terus', 'menerus', 'harus', 'verifikasi', 'wajah', 'terus', 'jika', 'di', 'kosongkan', 'riwayatnya', 'jika', 'tidak', 'aplikasi', 'tidak', 'mau', 'terbuka', 'mental', 'terus']","['tolong', 'tingkat', 'crass', 'suruh', 'mengosongkat', 'riwayat', 'menerus', 'verifikasi', 'wajah', 'kosongkan', 'riwayatnya', 'tidak', 'aplikasi', 'tidak', 'terbuka', 'mental']","['tolong', 'tingkat', 'crass', 'suruh', 'mengosongkat', 'riwayat', 'terus', 'verifikasi', 'wajah', 'kosong', 'riwayat', 'tidak', 'aplikasi', 'tidak', 'buka', 'mental']",tolong tingkat crass suruh mengosongkat riwayat terus verifikasi wajah kosong riwayat tidak aplikasi tidak buka mental,positif,negatif,-0.1,negatif,netral,negatif,neutral
Kangmas,5,"sekarang sudah bagus, tidak sesulit aplikasi yang lama. smooth",2025-11-15 11:10:07,62,sekarang sudah bagus tidak sesulit aplikasi yang lama smooth,sekarang sudah bagus tidak sesulit aplikasi yang lama smooth,"['sekarang', 'sudah', 'bagus', 'tidak', 'sesulit', 'aplikasi', 'yang', 'lama', 'smooth']","['bagus', 'tidak', 'sesulit', 'aplikasi', 'smooth']","['bagus', 'tidak', 'sulit', 'aplikasi', 'smooth']",bagus tidak sulit aplikasi smooth,positif,negatif,0.4,positif,netral,negatif,positive
rismanabdulr Rismanabdulr,5,mantap banget nihh,2025-11-15 11:08:02,18,mantap banget nihh,baik sangat ini,"['baik', 'sangat', 'ini']",[],[],,positif,negatif,0.0,negatif,netral,negatif,neutral
Maikel Makawimbang,5,apknya sangat bagus,2025-11-15 11:06:07,19,apknya sangat bagus,apknya sangat bagus,"['apknya', 'sangat', 'bagus']","['apknya', 'bagus']","['apknya', 'bagus']",apknya bagus,positif,negatif,0.0,negatif,netral,positif,positive
Zain M.S,1,"aplikasinya sering crash, sudah download dan install kemudian tidak bisa login maupun daftar. Hanya tampilan saja tidak bisa klik apapun",2025-11-15 10:56:07,136,aplikasinya sering crash sudah download dan install kemudian tidak bisa login maupun daftar hanya tampilan saja tidak bisa klik apapun,aplikasi sering crash sudah download dan install kemudian tidak bisa login maupun daftar hanya tampilan saja tidak bisa klik apapun,"['aplikasi', 'sering', 'crash', 'sudah', 'download', 'dan', 'install', 'kemudian', 'tidak', 'bisa', 'login', 'maupun', 'daftar', 'hanya', 'tampilan', 'saja', 'tidak', 'bisa', 'klik', 'apapun']","['aplikasi', 'crash', 'download', 'install', 'tidak', 'login', 'daftar', 'tampilan', 'tidak', 'klik', 'apapun']","['aplikasi', 'crash', 'download', 'install', 'tidak', 'login', 'daftar', 'tampil', 'tidak', 'klik', 'apa']",aplikasi crash download install tidak login daftar tampil tidak klik apa,negatif,negatif,0.0,negatif,netral,negatif,neutral
Aldi Ardiansyah,1,"kalaupun ada bintang setengah akan saya kasih setengah , baru aja saya hapus karna ada masalah gabisa kebuka pas saya download lagi ternyata masih sama , jaringan saya lagi bagus",2025-11-15 10:47:11,178,kalaupun ada bintang setengah akan saya kasih setengah baru aja saya hapus karna ada masalah gabisa kebuka pas saya download lagi ternyata masih sama jaringan saya lagi bagus,kalaupun ada bintang setengah akan saya kasih setengah baru saja saya hapus karena ada masalah tidak bisa kebuka pas saya download lagi ternyata masih sama jaringan saya lagi bagus,"['kalaupun', 'ada', 'bintang', 'setengah', 'akan', 'saya', 'kasih', 'setengah', 'baru', 'saja', 'saya', 'hapus', 'karena', 'ada', 'masalah', 'tidak', 'bisa', 'kebuka', 'pas', 'saya', 'download', 'lagi', 'ternyata', 'masih', 'sama', 'jaringan', 'saya', 'lagi', 'bagus']","['bintang', 'kasih', 'hapus', 'tidak', 'kebuka', 'pas', 'download', 'jaringan', 'bagus']","['bintang', 'kasih', 'hapus', 'tidak', 'buka', 'pas', 'download', 'jaring', 'bagus']",bintang kasih hapus tidak buka pas download jaring bagus,negatif,negatif,0.0,negatif,netral,negatif,neutral
muhammad elshabir,1,ga normal aplikasinya keluar trusss ketika digunakan,2025-11-15 10:42:57,52,ga normal aplikasinya keluar trusss ketika digunakan,tidak normal aplikasi keluar trusss ketika digunakan,"['tidak', 'normal', 'aplikasi', 'keluar', 'trusss', 'ketika', 'digunakan']","['tidak', 'normal', 'aplikasi', 'trusss']","['tidak', 'normal', 'aplikasi', 'trusss']",tidak normal aplikasi trusss,negatif,negatif,0.15,positif,netral,negatif,negative
